id,timestamp,acc_x,acc_y,acc_z,gyro_x,gyro_y,gyro_z
0,1778230185950,0.053529888,0.6039603533333333,0.8059583666666666,0.18766408666666665,-0.31301019999999996,-0.1317377
1,1778230185960,0.05759751,0.64235866,0.8080735,0.32011196,-0.3392867,-0.1257012
2,1778230185970,0.055319643333333335,0.6508192866666667,0.7639805399999999,0.30146983,-0.38722363,-0.11664646
3,1778230185980,0.06467517,0.673842,0.6792113,0.09427591,-0.39254996,-0.11025487
4,1778230185990,0.06980037,0.7192367,0.6643238,-0.12383698499999998,-0.27483822999999996,-0.12436962
5,1778230186000,0.1099477875,0.6842145,0.678296085,-0.399207845,-0.2419481825,-0.13968279249999999
6,1778230186010,0.23039004,0.5791479,0.72021294,-0.57098174,-0.49641323,-0.14327806
7,1778230186020,0.04807928,0.56987363,0.8969103,-0.5683186,-0.87777793,-0.14221281
8,1778230186030,0.01909748025,0.630094795,0.8593255750000001,-0.51718588,-0.6587328825000001,-0.13195963500000002
9,1778230186040,0.026602242,0.7419340599999998,0.8102701,-0.5187838,-0.37710362999999997,-0.026098980000000004
10,1778230186050,0.026602242,0.7419340599999998,0.8102701,-0.5187838,-0.37710362999999997,-0.026098980000000004
11,1778230186060,0.1066530164,0.744081732,0.885634956,-0.5349758,-0.21688784600000002,0.18993664400000002
12,1778230186070,0.14399378,0.70410514,0.97037166,-0.5629923,-0.15765914,0.38935417
13,1778230186080,0.14399378,0.70410514,0.97037166,-0.5629923,-0.15765914,0.38935417
14,1778230186090,0.21193931400000002,0.677356476,1.0716066,-0.499182916,-0.0380299414,0.7091465400000001
15,1778230186100,0.20956381333333332,0.6575715533333334,1.1009422333333334,-0.4900216499999999,-0.068176925,0.76059884
16,1778230186110,0.244106048,0.655586588,1.0899108,-0.54754593,-0.18322548900000002,0.730345336
17,1778230186120,0.25015867,0.6465077,1.0391958,-0.69135666,-0.42557314,0.6892261
18,1778230186130,0.2527822925,0.5978792125000001,0.9554230975,-0.931307475,-0.8426241875,0.7398261749999999
19,1778230186140,0.28408262,0.5332651,0.8922733,-1.1478225,-1.2852416,0.8229168
20,1778230186150,0.34900185,0.4681017699999999,0.93107843,-1.1691277666666666,-1.4141385333333334,0.8172353666666666
21,1778230186160,0.44101146,0.38805103,1.039928,-1.1111773600000001,-1.45003796,0.7466438660000001
22,1778230186170,0.549177652,0.32225318199999997,1.0748769599999999,-0.8096009800000001,-1.4550447,0.503124408
23,1778230186180,0.5542540250000001,0.319165855,1.171291825,-0.3479420025,-1.527855575,0.19987024
24,1778230186190,0.507687902,0.345145758,1.26509516,0.12069446199999997,-1.5664714400000002,0.005539374400000002
25,1778230186200,0.4723727875,0.37780061249999997,1.342375825,0.52011536,-1.5891083,-0.1241033135
26,1778230186210,0.40220633,0.38194957,1.3552499,1.5116103,-1.7172064,-0.42983422
27,1778230186220,0.27373461,0.25757801,1.4060139,2.1196632600000003,-2.06235208,-0.580675668
28,1778230186230,0.23527118800000002,0.20959635800000004,1.42231694,3.2511870000000003,-2.4864337599999997,-0.6465089900000001
29,1778230186240,0.27554062999999995,0.14558014,1.4171184499999998,4.3097935,-2.6826022,-0.691356615
30,1778230186250,0.42526973999999995,0.15753895,1.30912305,5.2247227249999995,-2.49977625,-0.9275790275
31,1778230186260,0.8573731,0.12032023,0.8659151000000002,6.079250979999999,-2.68862092,-2.3270701540000003
32,1778230186270,0.7311955,0.049299564,0.7648754,6.3511066,-2.8852687,-3.1771512
33,1778230186280,0.7311955,0.049299564,0.7648754,6.2792013,-3.1230891,-3.4724958
34,1778230186290,0.378630408,0.11202226827999999,0.22926738000000002,5.86151112,-3.7684796599999997,-3.7925545200000004
35,1778230186300,0.06980037,0.2818861,-0.32337585,4.4783716,-5.3987603,-3.891411
36,1778230186310,-0.179504115,0.496534465,-0.351198375,1.9483686,-3.42296105,-2.68526535
37,1778230186320,-0.103431468,0.5455655800000001,-0.35647002,-1.19991384,-1.34745308,-1.3951769
38,1778230186330,0.11348662,0.43515408,-0.3414361,-1.3544837,-1.3225259,-1.3741912
39,1778230186340,0.3209841,0.5626983799999999,-0.35607953200000003,-2.43338352,-0.33087118000000004,-0.980469424
40,1778230186350,0.605262,0.65993077,-0.37975308,-3.7289581,1.2128036,-0.56938386
41,1778230186360,0.605262,0.65993077,-0.37975308,-3.7289581,1.2128036,-0.56938386
42,1778230186370,0.35773911599999997,-0.028408262000000007,0.17860108,-5.235775,3.0216227,-0.5704491
43,1778230186380,0.22951143599999999,-0.0673597996,0.347098218,-5.235775,3.0216227,-0.5704491
44,1778230186390,-0.26968327,0.19744232000000003,0.72021294,-4.194479,6.049104,-0.06711166
45,1778230186400,-0.26968327,0.19744232,0.72021294,-4.194479,6.049104,-0.06711166
46,1778230186410,-0.16498269249999997,0.4004369075,1.02937236,-3.37635575,4.5582667500000005,0.35473307
47,1778230186420,-0.10323620999999998,0.59183884,1.2771516,-2.579964,2.2107434,0.774021148
48,1778230186430,-0.1070923168,0.593254372,1.2755408200000002,-2.16802624,1.1734953479999999,0.945741784
49,1778230186440,0.24576566,0.4881145,1.1163179,-0.38935417,-0.02609898,0.88470215
50,1778230186450,0.24576566,0.4881145,1.1163179,-0.38935417,-0.02609898,0.88470215
51,1778230186460,-0.0070288444,0.6676429799999999,1.004295568,0.22764700599999999,-1.407533876,0.30264163
52,1778230186470,-0.15424417,0.9808661,0.90691674,0.4463458,-2.5108283,-0.18322548
53,1778230186480,-0.096768695,1.24493605,1.01735262,0.498543765,-2.6490463,-0.23409185999999998
54,1778230186490,0.504466356,1.9061358400000004,1.62859402,0.9879262659999999,-1.9363311799999998,-0.37870152
55,1778230186500,0.9193636875,2.046053975,1.724691575,1.1994878249999998,-1.5426361,-0.7121293125
56,1778230186510,1.2993608,2.2355645,1.9810127000000002,1.3086774,-1.6165388,-1.3646038
57,1778230186520,1.5933887,2.2899281,2.601162225,1.536644,-1.7369137,-1.887116
58,1778230186530,1.9424516,2.0144486,3.0031245,1.8707819333333333,-1.5707324333333332,-2.226580333333333
59,1778230186540,1.96339172,1.8151514000000002,2.9933132999999996,2.9352296200000003,-0.6891195760000001,-3.4568897
60,1778230186550,1.80803705,1.452384675,2.885366875,3.8803588749999998,0.071505875,-4.3085951
61,1778230186560,1.6080932,1.17342725,2.7192859,4.5193844,0.386691,-4.7398944
62,1778230186570,1.181188226,0.374823132,2.10460338,5.1169977,0.14114754,-4.9492188
63,1778230186580,0.81490713,-0.14570218,1.4431105,6.021407,-0.51452273,-5.483449
64,1778230186590,0.5215503,-0.485918,1.0718994,6.1967764999999995,-0.8812400075,-5.509414525
65,1778230186600,0.39459174,-0.7350027800000001,0.87406662,6.376673,-1.23645244,-5.5043280800000005
66,1778230186610,0.07624348160000001,-1.4349589200000001,0.15863721599999997,6.30221108,-1.6102537599999998,-5.508695680000001
67,1778230186620,-0.466149366,-2.05721955,-0.7092303974999999,5.8211374,-1.675661,-5.4307184
68,1778230186630,-1.3198615,-2.395666,-1.4404259,4.770787,-1.5302523,-5.0141997
69,1778230186640,-2.2912095,-2.5999417,-1.6974181,3.4706316,-1.381648,-4.1326933
70,1778230186650,-2.8148586,-2.6450435800000003,-1.66783834,2.53490328,-1.18830244,-3.09885424
71,1778230186660,-3.5916439799999997,-2.6621276,-1.3339680900000002,0.66515112,-0.733434552,0.36176379999999997
72,1778230186670,-3.6989317,-2.6526582,-0.88055855,0.022903185,-0.5342301,2.763296
73,1778230186680,-3.4979261399999997,-2.6180020799999997,-0.78342377,0.009054747399999999,-0.556174556,3.3474869999999997
74,1778230186690,-2.4527755,-2.4574125,-0.5195979,0.14807177,-0.79735047,5.359877999999999
75,1778230186700,-2.03165465,-2.38602575,-0.55181345,0.238352925,-1.010403385,5.7345848
76,1778230186710,-1.10592102,-2.0613075600000004,-0.679601812,0.33161681600000004,-1.70346446,6.38583416
77,1778230186720,-0.10518866249999997,-1.4096136750000001,-0.787450715,0.33609092,-2.4234767,6.800648
78,1778230186730,0.6262509,-0.5945235,-0.68091977,0.029294770400000003,-3.2211467,7.191387199999999
79,1778230186740,1.095573,0.18572757,-0.5298483,-0.5139901,-3.1169639,7.467504
80,1778230186750,1.4034756,0.588617262,-0.34436478800000003,-0.5139901,-3.1169639,7.467504
81,1778230186760,1.8653295,1.1929518,-0.06613952,-0.82238416,-2.52158756,7.496266199999999
82,1778230186770,1.8653295,1.1929518,-0.06613952,-1.0279802,-2.12467,7.515441
83,1778230186780,3.0124595249999997,2.687680425,0.41361599499999996,-1.473926475,-0.08322379,4.66479325
84,1778230186790,4.584574750000001,5.488156016666667,1.81143355,-0.33795515,0.14594123333333334,0.7337008916666666
85,1778230186800,4.6353793,5.5901313,1.8826576,-0.15925704,0.15925704,0.17630127
86,1778230186810,4.39464142,5.24088534,2.0261633199999998,0.9967679440000001,0.019387814239999995,-1.920671732
87,1778230186820,3.926637,4.392054,1.8724071,2.334527,-0.22903186,-4.1843586
88,1778230186830,3.7843028,4.10660472,1.71152462,2.84798452,-0.43654538,-5.10048612
89,1778230186840,2.97334952,2.8100751600000002,0.9565091600000001,3.26333106,-0.693913284,-6.37390344
90,1778230186850,2.5750482,2.2311714,0.614048,3.4546525,-0.8309063,-7.0701604
91,1778230186860,2.5750482,2.2311714,0.614048,3.4546525,-0.8309063,-7.0701604
92,1778230186870,2.10377355,1.5893008,0.33106364,3.4546525,-0.8309063,-7.0701604
93,1778230186880,1.6324989000000003,0.9474302,0.04807928,3.03749498,-0.6366020600000001,-7.44385504
94,1778230186890,0.9943380600000001,-0.93586198,-0.2512325252,2.1330855200000003,0.08042746259999999,-7.43533294
95,1778230186900,0.9169231,-1.50022,-0.41416514,1.8104169,0.34408042,-7.379087
96,1778230186910,0.58036816,-2.1037736,-0.77122086,1.3448963,0.42557314,-7.221428
97,1778230186920,-0.57870039,-2.851605433333333,-1.0246337266666667,0.620782825,0.6066680999999999,-6.7282105
98,1778230186930,-1.21198825,-3.18220125,-1.0369382875,-0.894289525,1.0506170799999999,-4.8892976
99,1778230186940,-2.74647374,-3.78571832,-0.76580285,-1.6852484,1.3134711,-3.5436022
100,1778230186950,-3.495631875,-3.878557725,-0.1787719425,-1.823599575,1.075384485,-0.4715126685
101,1778230186960,-3.5925226,-3.8402407,0.14082102,-1.6122777,0.66152924,1.7182716
102,1778230186970,-2.8037298000000006,-3.453166,0.3328941,-0.4253955916666667,-0.6949075183333333,4.055639433333334
103,1778230186980,-2.179919325,-3.162249725,0.063759957,0.3384877825,-1.5753929675,5.258545
104,1778230186990,-1.5551329,-2.8293555,-0.294089,0.9651296,-2.5193505,6.2653527
105,1778230187000,-1.055498794,-2.46663786,-0.75833471,0.92944324,-3.0418626200000003,6.9244321200000005
106,1778230187010,-0.52350277,-2.1052377,-1.2410312,-0.051665300000000025,-3.07754905,7.89773775
107,1778230187020,0.147752252,-1.48787058,-1.44032834,-1.9100192,-2.2019017,8.900817
108,1778230187030,0.5952556,-1.0762925,-1.5731931,-2.418949275,-1.767939575,9.072591
109,1778230187040,1.82911146,-0.15585496799999998,-0.83960574,-4.46303202,0.13113408,9.577260200000001
110,1778230187050,3.30297318,0.9021332399999998,0.45502032000000003,-5.63173374,1.7715348,9.0566654
111,1778230187060,4.9299564,3.3462691,3.3504179,-4.802212,2.551841,5.3348446
112,1778230187070,4.820131,4.648314,4.3757024,-2.6198049279999998,1.375789052,2.9710226
113,1778230187080,4.310295,5.5147176,4.9458203,-0.84635264,0.30200246,1.6905746
114,1778230187090,4.1538544,6.04603,4.7120132,0.27217503000000004,-0.14301177000000004,0.9571400649999999
115,1778230187100,4.1538544,6.04603,4.7120132,1.3907027,-0.588026,0.22370553
116,1778230187110,4.37492134,5.88436672,2.78791468,3.29986962,-0.8264321600000001,-1.5280153740000002
117,1778230187120,4.317921725,5.2736502000000005,1.301679319,4.989699,-0.50173956,-4.196077
118,1778230187130,3.785816,4.0262127,-0.088348724,4.78357,-0.030892669999999983,-5.604089999999999
119,1778230187140,3.3648173,3.42158508,-0.43364090960000007,4.30878148,0.529436432,-7.317834039999999
120,1778230187150,3.0841514999999995,3.0185,-0.6638357,3.645157466666667,0.74568512,-7.9269880666666666
121,1778230187160,1.9987313400000002,0.9917510399999999,-0.6691561800000001,2.32366134,1.394537744,-8.4019542
122,1778230187170,1.866794,0.6894617,-0.6274712,1.7901769,1.717739,-8.517855
123,1778230187180,1.308878994,-0.57109394,-0.29999516800000003,1.2754411399999999,1.99811644,-8.6299206
124,1778230187190,0.54815257,-1.6756971,-0.03929322,1.0705907,1.9638149999999999,-8.636632
125,1778230187200,0.54815257,-1.6756971,-0.03929322,1.1201254999999999,1.9025623500000002,-8.5700525
126,1778230187210,0.06589545399999999,-2.40025422,-0.22477672399999998,1.3447898,1.461969,-8.091216
127,1778230187220,-0.40064438099999994,-2.8666475,-0.37794703999999996,1.490305,0.9709885999999999,-7.2288847
128,1778230187230,-0.994679748,-3.3346028599999995,-0.62146738,1.1883025059999999,0.8854478199999999,-6.3404542
129,1778230187240,-2.50598,-3.9644658999999995,-1.0172306,0.43196472999999996,0.7946873,-4.297277
130,1778230187250,-3.035633,-4.04588332,-1.1014304,0.43196472999999996,0.7946873,-4.297277
131,1778230187260,-3.82565845,-4.1052871,-1.111985875,-0.19254655999999998,0.5518069999999999,-2.36009349
132,1778230187270,-4.037398266666667,-4.0596076000000005,-0.9190382166666667,-1.1179950583333331,0.09099133916666667,1.3787185033333333
133,1778230187280,-3.7425203199999997,-3.98726104,-0.716942592,-1.26809082,-0.21507690659999995,3.32032284
134,1778230187290,-2.1394057,-3.5700693,-0.3734076,-0.8655273999999998,-1.1291803,6.6104984
135,1778230187300,-1.7562359,-3.45157955,-0.39500665,-0.67830715,-1.40108905,7.068562200000001
136,1778230187310,-0.6199054,-3.0682876,-0.59135073,-0.32490565,-2.0606476000000002,7.8637822
137,1778230187320,-0.14509203175000002,-2.81477305,-0.7024578075000001,-0.1174454075,-2.70776905,8.2818985
138,1778230187330,0.7380291,-2.007859,-1.2093037,-0.2783003375,-2.98713465,8.47391225
139,1778230187340,0.9674429999999999,-1.5482991000000002,-1.3303561,-1.8050907,-3.106311,9.242767
140,1778230187350,1.2286818800000001,-1.1552694200000002,-1.23214738,-2.7229224600000004,-2.5881664399999997,9.6309494
141,1778230187360,1.8682582,-0.49714460000000005,-0.758774,-3.60847692,-1.8696456399999999,9.9542574
142,1778230187370,3.07585324,0.695416712,0.348660192,-4.71187764,-0.65162228,10.1362046
143,1778230187380,3.377752,0.99355704,0.62551874,-4.8783784,-0.44528055,10.143981
144,1778230187390,4.666191175,2.920388875,1.9166424750000002,-5.448295,0.9166601,8.717591
145,1778230187400,4.793772,3.1956854,2.0800998,-5.279983199999999,0.93913718,8.0578728
146,1778230187410,4.7796780000000005,4.254344925,2.6906701,-4.143745474999999,0.8621984500000001,4.659599675
147,1778230187420,4.5360968,5.1772354,3.3551038400000004,-2.7547739,0.3616573,2.3813987
148,1778230187430,4.46453938,5.27559018,3.52623672,-0.57247311,0.5933523,-0.27142935999999995
149,1778230187440,4.4369607,4.983649,3.4629283,0.83516735,0.829841,-1.9632823
150,1778230187450,4.0999177200000005,4.423830499999999,3.13101044,1.7062340800000002,0.90259856,-2.9839122
151,1778230187460,3.7287066,3.8375560999999996,2.7641923,2.9427931,0.9443569,-4.424576
152,1778230187470,2.7432034,2.4910922,1.667399,4.083691,0.6556703,-6.020342
153,1778230187480,2.3161032333333336,1.7554632000000001,1.0223151733333333,4.106416933333333,0.5056455166666666,-6.55750165
154,1778230187490,2.1586864,1.3440232,0.72070104,3.9137816,0.4958806,-6.862433399999999
155,1778230187500,1.9915682,0.6679236625,0.55828095,3.7350834500000003,0.6125270700000001,-7.0214242
156,1778230187510,1.7020552,-0.25040275,0.45858355999999995,3.2085764,1.1510183,-7.479222
157,1778230187520,1.3408505824999999,-0.7955046025,0.434421905,2.963432525,1.703624225,-7.7021284
158,1778230187530,0.95524013,-1.2856936,0.41416514,2.864362925,2.256629675,-7.7487335
159,1778230187540,0.73388016,-1.8238398,0.2809099,2.9710226,2.2913837,-7.633685
160,1778230187550,0.73388016,-1.8238398,0.2809099,2.9710226,2.2913837,-7.633685
161,1778230187560,0.129838455,-2.7069609999999997,-0.27688297,3.18008075,1.8109495,-7.0906666
162,1778230187570,-1.0811737,-3.4956322,-1.1971008,2.6865969,1.3049489,-6.3585634
163,1778230187580,-1.3366406249999998,-3.5310814500000003,-1.2797751750000002,2.3438480999999998,1.278051,-5.91727755
164,1778230187590,-3.5609784750000006,-3.80290005,-1.876861275,0.6500776425,1.19442775,-3.0088393250000003
165,1778230187600,-4.0469575,-3.858057,-1.9932156,0.19973709,1.1755193,-2.1864552
166,1778230187610,-4.41260398,-3.72934128,-1.75203822,-0.5835518639999999,0.8230233200000001,0.7626229199999999
167,1778230187620,-4.6563683,-3.568849,-1.3701375,-1.1057445,0.588026,2.728675
168,1778230187630,-3.2249725,-3.4492612,-1.274467,-1.11724938,-0.29976541599999995,4.7944356400000006
169,1778230187640,-2.3258655,-3.307708,-1.21931,-0.97897804,-1.7054884,7.3066487
170,1778230187650,-1.9483577799999998,-3.24903664,-1.24039656,-0.9384979960000001,-2.02080672,7.604283620000001
171,1778230187660,-0.202030592,-2.80294872,-1.39932656,-0.983239118,-2.91008956,8.2818984
172,1778230187670,0.09298581,-2.7134285,-1.4311516,-1.1414309,-3.5345476,8.628642
173,1778230187680,0.257285154,-2.56504166,-1.39717886,-1.29525508,-3.5442414799999993,8.678816
174,1778230187690,1.1992485179999999,-1.5857863,-1.08341894,-2.28382048,-3.4728685999999995,9.0280096
175,1778230187700,1.9864428749999998,-0.43411684,-0.442658825,-2.9437252,-3.2204275,9.2992255
176,1778230187710,2.6652515,0.40415879199999993,0.13271834400000002,-3.3690053200000003,-2.36307616,9.401810800000002
177,1778230187720,3.8202891,1.671242975,0.8767146350000001,-3.4405379,-1.1566108875,8.92185575
178,1778230187730,5.089911460000001,3.38736792,1.7002004,-3.3850908600000005,-0.3854126764,8.033798180000002
179,1778230187740,5.8815355,4.890663,2.6084838,-2.7361317,0.24980451,4.2253714
180,1778230187750,5.76043444,5.180456700000001,2.9843809200000004,-2.21457828,0.34599788400000003,3.2420257599999998
181,1778230187760,5.315567,5.543516,3.605702,-0.80107886,0.41918156,1.1174624
182,1778230187770,5.2165406,5.503246475,3.7274255,0.09094696000000001,0.33808828999999996,0.10839065749999999
183,1778230187780,5.1835318,5.4898233,3.768,1.6066851,0.30706247,-1.720135795
184,1778230187790,5.070045,4.6280575,3.2471817,3.7358825,0.2759035,-4.582235
185,1778230187800,4.056328840000001,3.4993415800000003,2.1354521,4.28470666,0.198778348,-5.6180982
186,1778230187810,2.81227165,2.1750789333333334,0.22339372,4.4403771999999995,0.15943458,-6.653730283333334
187,1778230187820,1.9775959,1.1795286,-0.17645338,3.7630467,0.32277513,-7.1069117
188,1778230187830,1.7193344400000001,0.495631454,-0.424415548,2.93767978,0.7770038420000001,-7.21535566
189,1778230187840,1.6442136,0.22209209,-0.44930938,2.3888555,1.1089402,-7.2810826
190,1778230187850,1.5790992,0.030751214000000006,-0.424415536,2.3888555,1.1089402,-7.2810826
191,1778230187860,1.3952753333333332,-0.42913399999999996,-0.35575409666666663,1.5733956666666666,1.8837426,-7.3165912
192,1778230187870,1.05762205,-1.1499164666666666,-0.251623025,1.2971371,2.1839695666666668,-7.236163733333334
193,1778230187880,0.9278446250000001,-1.4651977,-0.300739535,1.2234563,2.26635,-7.2011876
194,1778230187890,0.39039398,-2.42924806,-0.7857666799999999,0.8265387000000001,2.2386532,-6.895883119999999
195,1778230187900,0.22550889999999998,-2.5913997,-0.9942892000000001,0.4165184,2.1268005,-6.620619
196,1778230187910,-1.4284670599999998,-3.1630794,-1.15141324,0.04165184,1.9788352799999998,-5.49889536
197,1778230187920,-2.78371696,-3.5727051000000003,-1.2936498,-0.2082592,1.8801918,-4.7510796
198,1778230187930,-3.8580081999999996,-3.67271984,-1.44140208,-0.52432318,1.4541925199999999,-2.936508
199,1778230187940,-4.113585,-3.6166843999999996,-1.432616,-0.8474179,0.54807854,-0.019707393
200,1778230187950,-4.122493,-3.54944655,-1.4254163499999999,-0.8474179,0.54807854,-0.019707393
201,1778230187960,-3.2540154,-3.1903164,-1.5055892,-0.9097358379999999,-0.784886884,2.8664136828
202,1778230187970,-2.6749162,-3.08312648,-1.50812736,-1.0338391999999998,-1.9871442300000002,5.12562664
203,1778230187980,-1.9500662000000002,-2.90091332,-1.4693223,-1.2354937400000001,-3.3348104,6.99750914
204,1778230187990,-0.9706156,-2.7307565,-1.3879535,-1.3667343,-3.807788,7.4994617
205,1778230188000,-0.6511447,-2.6326454999999997,-1.3548838,-1.451156525,-3.8647795,7.647799775
206,1778230188010,0.58110028,-1.9560213000000002,-1.11543922,-2.4023844,-3.4238664,8.550878
207,1778230188020,0.8092938,-1.811393,-1.0638455,-2.9546885333333335,-3.0615700666666665,8.820212333333332
208,1778230188030,1.45555732,-0.93337252,-0.6399669400000001,-3.7103162,-2.6429212,9.129849
209,1778230188040,3.5493245,1.1888028,1.0806855,-4.023504,-1.4897723,8.82039
210,1778230188050,3.5493245,1.1888028,1.0806855,-4.023504,-1.4897723,8.82039
211,1778230188060,3.5493245,1.1888028,1.0806855,-4.023504,-1.4897723,8.82039
212,1778230188070,4.8662577,3.0086889599999997,2.0852250999999997,-3.2577918400000003,-0.44325653200000004,6.70988792
213,1778230188080,5.1885350500000005,4.142566875,2.6731590499999998,-2.4823325,-0.14247912750000002,5.0149987
214,1778230188090,4.83711688,4.979793,3.11734316,-0.7679492,-0.41545314,2.800793268
215,1778230188100,5.4378883600000005,5.4577057600000005,3.4835266799999998,1.7066602800000001,-0.75591166,-0.330764602
216,1778230188110,5.4755706,5.24820716,3.42700308,2.5561021600000005,-0.59463062,-1.5562448180000001
217,1778230188120,5.03905,4.5118866,2.8684049,3.60299065,-0.45779739,-3.1377364
218,1778230188130,4.8395576,4.2237037200000005,2.56182016,4.4936050000000005,-0.277394864,-4.82756524
219,1778230188140,3.4455024799999996,2.51881732,0.7212379520000001,4.57424552,-0.053476276,-6.5161162599999995
220,1778230188150,2.9558992,2.0348273,0.25064678500000004,4.42430955,0.042876895,-6.973887125
221,1778230188160,2.46556386,1.45790028,-0.190559894,4.000068,0.18588865,-7.269897500000001
222,1778230188170,1.95763194,0.22833996,-0.377995852,3.40309376,0.47862333,-7.43650478
223,1778230188180,1.78723125,-0.44729593125,-0.2713916475,1.3869743,1.963815,-7.7119823
224,1778230188190,1.5744133,-1.3052181,-0.174745,1.1089402,2.4479778,-7.756722999999999
225,1778230188200,1.4598284000000001,-1.6022357999999999,-0.2075707,1.0468886,2.55743375,-7.76790835
226,1778230188210,0.9999026000000001,-2.4735203,-0.38536638,0.8538095,2.6690202,-7.7609844
227,1778230188220,0.50031734,-3.0582814,-0.5513253,0.66845345,2.591256,-7.650729
228,1778230188230,-0.9396204439999998,-3.52569988,-0.659101004,0.482351752,2.32067866,-6.705520099999999
229,1778230188240,-2.1679606,-3.8722124,-0.75096416,0.3270362,1.8998991,-5.2693305
230,1778230188250,-2.1679606,-3.8722124,-0.75096416,0.3270362,1.8998991,-5.2693305
231,1778230188260,-2.49860932,-3.94469744,-0.8856837260000001,0.22562300799999999,1.55901454,-4.20108346
232,1778230188270,-3.1189296,-3.840729,-1.037121235,0.030004946333333324,1.13077824,-2.7290300166666666
233,1778230188280,-3.5188174,-3.6884372,-1.0987457,-0.19707392,0.65726817,-1.0221212
234,1778230188290,-3.5288239,-3.26573,-1.1329137,-0.2545982,-0.23595607,2.0341225
235,1778230188300,-3.5288239,-3.26573,-1.1329137,-0.2545982,-0.23595607,2.0341225
236,1778230188310,-1.97061584,-2.50788348,-1.3446577999999998,-0.47265781999999995,-2.30597794,5.54715176
237,1778230188320,-1.72382512,-2.42212174,-1.3705767,-0.53295178,-2.58039006,5.87621194
238,1778230188330,-0.31654227,-1.8450727,-1.3630598,-1.4919028,-3.422162,7.503190000000001
239,1778230188340,0.147361786,-1.6033584600000002,-1.24161684,-1.8962772,-3.2112396000000003,7.737974320000001
240,1778230188350,0.52875005,-1.34255885,-1.10704365,-2.2588933,-2.9142972,7.88428855
241,1778230188360,1.3420220600000001,-0.16263972480000002,-0.43798512,-2.71258946,-2.4855815800000003,8.00748656
242,1778230188370,1.478987,0.082247294,-0.2967736,-3.4812841,-1.7475662999999997,8.149806
243,1778230188380,2.01581532,0.8313077764000001,0.19075515999999998,-3.4812841,-1.7475662999999997,8.149806
244,1778230188390,2.1206133,0.9625618499999999,0.34656128,-3.3877541199999994,-1.0165818400000002,7.360445
245,1778230188400,3.05344892,3.0268954999999997,1.1902671919999999,-2.385233692,-1.05450526,5.3593456
246,1778230188410,3.9781330000000006,5.1774306,2.037634,-0.9954896600000002,-1.2969595,2.763296
247,1778230188420,4.1336585,5.227645375,2.160943875,-0.99548966,-1.2969595,2.763296
248,1778230188430,4.6233717,5.24727976,2.5101774800000003,0.45454832399999995,-0.434201777,0.25459821600000004
249,1778230188440,4.7159185,4.72324,2.4273934,1.0306433,-0.029827405,-0.753142
250,1778230188450,4.56377302,4.50798142,2.2653882000000003,1.1650796799999998,0.041864892,-1.0127469599999999
251,1778230188460,3.9886274,3.6469470999999998,1.6173673999999998,2.03263112,0.47883636799999996,-3.0209834799999995
252,1778230188470,3.6260559799999994,3.2340025000000003,1.3641824,2.52734,0.7041398,-4.4757085
253,1778230188480,3.3843417,2.9587061,1.1953924,2.52734,0.7041398,-4.4757085
254,1778230188490,1.83799505,1.44372065,0.28701131,2.683401,1.3981596,-6.4240775
255,1778230188500,1.52867704,0.914531302,0.0786840558,2.6100043,1.38548296,-6.4657293199999994
256,1778230188510,1.377215,0.3265486,-0.0017084007999999997,2.21319332,1.32902396,-6.69113924
257,1778230188520,1.28408284,-0.011812367999999995,0.01644945824,2.0527647,1.3747238,-6.8160944
258,1778230188530,1.08903228,-0.718748596,-0.0712159,2.0521255199999997,1.42937186,-6.82600154
259,1778230188540,0.9003272,-1.4328601,-0.28042176,2.191249,1.6197346,-6.7383304
260,1778230188550,0.79656219,-1.5698169166666667,-0.39797599333333333,2.1889409333333334,1.6088156333333332,-6.7339805
261,1778230188560,0.27773714,-2.254601,-0.98574716,2.0490361999999998,1.5030880999999998,-6.67947425
262,1778230188570,-0.41758195,-2.621663,-1.4350566,1.0177269675,1.4596785749999999,-6.15669585
263,1778230188580,-2.1863136699999997,-2.8946166,-1.75369772,0.18961707,1.6026902999999997,-5.4168696
264,1778230188590,-3.2376635,-3.0214286,-1.8152978000000002,-1.7374462999999998,1.6777915,-2.3350596
265,1778230188600,-3.2376635,-3.0214286,-1.8152978000000002,-1.7374462999999998,1.6777915,-2.3350596
266,1778230188610,-3.2843759599999998,-3.03573042,-1.28657222,-2.80505448,1.3619406,0.29390647200000003
267,1778230188620,-2.97804755,-2.996839925,-0.868660725,-2.988067,1.2756542,0.91452956
268,1778230188630,-2.886221,-2.984332,-0.7560893,-3.0434606,0.96779275,2.2200112
269,1778230188640,-1.92273176,-2.68277488,-0.19475768799999998,-1.95412112,-0.856579112,4.8975535400000005
270,1778230188650,-1.7711234,-2.6231272,-0.16010156,-1.8498317,-1.0221212,5.060539
271,1778230188660,-1.4497814,-2.464083366666667,-0.14627164333333334,-1.2964269,-1.943575,5.7492323
272,1778230188670,-0.683799584,-2.11831924,-0.28056821200000004,-0.64533722,-3.21294404,6.576729660000001
273,1778230188680,0.23380682999999997,-1.4540931,-0.6291796,-0.59122175,-3.6432045000000004,7.712514999999999
274,1778230188690,0.5954997,-1.0304097,-0.8278421999999999,-1.07698243,-3.29933714,8.110923399999999
275,1778230188700,0.9068190599999999,-0.710597076,-0.82769577,-1.73212002,-2.75573272,8.475137799999999
276,1778230188710,2.1719141399999997,0.481671396,-0.292527024,-2.94598892,-1.136530696,8.5352186
277,1778230188720,3.4743012199999996,2.0378780599999997,0.611656276,-3.518036,-0.26045716,8.457667
278,1778230188730,4.370333,3.393128,1.4328601,-3.7630467,1.055677,6.003298
279,1778230188740,4.200469,4.2649007,1.9534342,-3.3262882,1.2399678,4.5625277
280,1778230188750,3.9992439999999996,4.59877085,2.1579542000000003,-2.96676145,1.21120565,3.95692485
281,1778230188760,3.63547675,5.18328785,2.5195251,-1.52785552,0.83410205,2.27194275
282,1778230188770,3.4729345,5.4339347,2.676576,-0.4484763399999999,0.4857606,1.1925635
283,1778230188780,3.9293214999999995,5.2338076,2.3222046,1.018712384,-0.11824434000000003,-0.40693108
284,1778230188790,3.92243912,5.15478188,2.24420394,2.16078242,-0.5499960300000001,-1.72530234
285,1778230188800,3.8949096,4.838679,1.9322013,2.8165593,-0.66632295,-2.7334685
286,1778230188810,3.8511257399999996,4.7312938,1.8411679200000002,2.8165593,-0.66632295,-2.7334685
287,1778230188820,3.059562775,3.09580515,0.634670835,3.206446125,-0.7450193175,-3.569168525
288,1778230188830,2.4564364,1.9424516,-0.06589546,3.47382745,-0.629837605,-5.12924835
289,1778230188840,2.2176669,1.0750315166666666,-0.012609624916666666,2.0980384,0.42663842,-6.8597703
290,1778230188850,2.169913,0.9015475,-0.0019524579,1.7710022,0.8186557133333333,-7.120760199999999
291,1778230188860,1.7899158,-0.16766733,0.30043447,1.1169298,1.6026902999999997,-7.642740000000001
292,1778230188870,1.7899158,-0.16766733,0.30043447,1.1169298,1.6026903,-7.64274
293,1778230188880,1.2730026,-0.9975840075,0.4377166675,1.3944311,1.9568908,-7.788681
294,1778230188890,0.77122086,-1.8021187,0.42343929999999996,1.6980314999999997,1.8583539000000002,-7.637413499999999
295,1778230188900,0.669888304,-1.9867723600000002,0.30980625,1.8037057399999998,1.67896334,-7.4526967
296,1778230188910,0.041782607999999985,-2.8688928000000002,-0.275540622,1.85313402,1.4047642599999999,-7.0460853
297,1778230188920,-1.03197172,-3.26455862,-0.6572461580000001,1.35885132,1.57051936,-6.3229838
298,1778230188930,-2.0718021,-3.4168017,-0.83687234,0.34514567,2.1363878,-3.7710361
299,1778230188940,-3.07419402,-3.4798661,-1.0787818279999999,-0.058802601999999995,2.1657892399999996,-2.48888378
300,1778230188950,-3.5364384,-3.43725364,-1.1203204,-0.324692602,2.09707968,-1.489985328
301,1778230188960,-3.547128,-3.3653056,-1.0581102,-0.693220825,1.69563475,0.543284915
302,1778230188970,-2.9849664799999998,-3.0986973200000003,-0.8587886859999999,-0.79223717,0.8185492199999999,2.6532541199999997
303,1778230188980,-2.1374533,-2.7763953,-0.69409883,-0.667175136,0.11888351199999998,3.6148682
304,1778230188990,-2.1374533,-2.7763953,-0.69409883,-0.354413496,-1.005609576,4.8149953199999995
305,1778230189000,-1.88174235,-2.6818230499999998,-0.6936717325,-0.29614353,-1.194694,5.0003514
306,1778230189010,-0.5764632,-2.2311714,-0.8083176,0.013848442000000006,-2.14277944,5.68489024
307,1778230189020,-0.276455835,-2.043369375,-0.958595925,0.39894154000000004,-3.745070275,6.972555175
308,1778230189030,0.12032021000000001,-1.66947365,-1.2384686,-0.33609094000000006,-3.47143055,7.442470200000001
309,1778230189040,0.75340474,-1.0455412,-1.4723973,-2.2913837,-2.444782,8.311726
310,1778230189050,0.9944112199999999,-0.84382792,-1.3554939499999998,-2.7615204666666666,-2.164972533333333,8.480392666666667
311,1778230189060,1.6815544,-0.33368728999999997,-0.8439500125,-3.701794,-1.6053536,8.817726
312,1778230189070,3.3778499799999997,1.042905424,0.9224876,-5.63460968,0.49534792000000005,8.6310924
313,1778230189080,3.6314498,1.7655101000000002,1.67069385,-6.068944575,1.4209296,8.017846325
314,1778230189090,3.2713921800000003,2.96880996,2.42046212,-5.77341354,2.6287531200000003,6.08180772
315,1778230189100,2.70239708,3.9358136400000006,2.8521994,-4.74841622,2.40376924,4.7819723199999995
316,1778230189110,2.4388031000000003,4.679675875,3.176466,-2.7249465,0.8250473,3.5324168
317,1778230189120,2.96593016,5.194075,3.35295628,-1.4986140200000002,-0.22189458799999998,2.72196376
318,1778230189130,3.63877155,5.41538625,3.28696315,0.3331615,-0.99415803,1.14222984
319,1778230189140,4.1903407999999995,5.46114715,2.9284428499999997,2.42081345,-1.3579458500000001,-0.9206548099999999
320,1778230189150,4.212916,5.3682833,2.6599798,3.30029572,-1.029045472,-2.1000623999999997
321,1778230189160,3.92956565,4.678516549999999,1.7382366,4.2955456750000005,-0.37670414500000005,-4.5966162
322,1778230189170,3.2230199999999996,3.0538883,0.30409533,4.40902292,-0.248419676,-5.6968213599999995
323,1778230189180,3.2230199999999996,3.0538883,0.30409533,4.369182,-0.24714136,-6.0400496
324,1778230189190,2.9262464,2.56753102,0.027627281999999996,3.7453632800000003,-0.26162896,-6.97066432
325,1778230189200,2.62764245,1.8575197,-0.184629315,3.3257557,-0.17523601,-7.41211
326,1778230189210,2.1316773,0.5058493266666667,-0.2709849133333333,2.3483756000000002,0.34905164000000005,-7.958236
327,1778230189220,1.9959,0.12422514,-0.24259292,1.991512,0.56618804,-8.126903
328,1778230189230,1.560074925,-0.6317421525,-0.043076107999999995,1.5301193,1.2069446350000002,-8.281765
329,1778230189240,1.0082005,-1.3838046,0.12861817,1.3379722,1.5398397,-8.252071
330,1778230189250,0.92955305,-1.509189,0.1456411625,1.3859091000000001,1.541704,-8.1090595
331,1778230189260,0.48010942000000006,-2.26743828,0.088543968,1.53738972,1.44641614,-7.665004000000001
332,1778230189270,0.1598575,-2.8405824,-0.07370529,1.6927053,1.3006879,-7.213438
333,1778230189280,-0.7478524499999999,-3.1914757000000002,-0.363218195,1.46367345,1.36700065,-6.6903932
334,1778230189290,-2.1581984,-3.6301074,-0.754625,0.8159925999999998,1.5808525,-5.120726
335,1778230189300,-2.8578616400000003,-3.67550204,-0.8309660799999999,0.337901896,1.56071896,-3.0731813600000004
336,1778230189310,-4.05984338,-3.71860256,-0.9470396839999999,-0.158191768,1.38239368,-0.467225012
337,1778230189320,-4.15112114,-3.61531756,-0.8746035320000001,-0.3855192,0.92518216,1.969460996
338,1778230189330,-3.68642375,-3.547433025,-0.79037939,-0.38642468,0.3909520475,3.6872796
339,1778230189340,-2.0110316,-3.2176507,-0.6999562,-0.050813114000000006,-0.929549794,5.9955212399999995
340,1778230189350,-1.74500928,-3.14130962,-0.7349052,0.090227902,-1.42234114,6.623601239999999
341,1778230189360,-0.8844146800000001,-2.84346216,-0.9390346519999999,0.376997102,-2.77906194,7.633046039999999
342,1778230189370,-0.35754386,-2.6021385,-1.1502419,0.26511769,-3.248657025,8.033558825
343,1778230189380,0.148630868,-2.26572986,-1.38634284,-0.5238970540000001,-3.17171834,8.6375908
344,1778230189390,0.66798466,-1.8372629,-1.5961344,-2.1640847,-2.3148196,9.448363
345,1778230189400,1.0340705319999999,-1.5711429,-1.4442332,-3.4807515,-1.5616777,10.018812
346,1778230189410,1.8416561,-1.2012497,-0.8847075,-4.6695867,-0.660464,10.409764
347,1778230189420,2.36838038,-0.9019379300000001,-0.47395917,-5.01473242,-0.27292077200000003,10.3673664
348,1778230189430,3.9228539749999998,0.5948284875,1.0412702375,-5.87679775,0.8524778425,9.087372
349,1778230189440,4.780105,2.0049303,2.2865725,-5.4072824,1.1110709,7.208112
350,1778230189450,4.780105,2.0049303,2.2865725,-5.4072824,1.1110709,7.208112
351,1778230189460,4.42817465,3.289647575,2.832528425,-3.938548925,0.77857518,5.34682875
352,1778230189470,4.030556819999999,4.7051308,3.3545180199999995,-1.7912422,0.068176925,3.470099
353,1778230189480,4.455509425,5.266145249999999,3.198980375,0.850081,-0.515588,1.1243867
354,1778230189490,4.7974334,5.4085526,2.7549183,1.9403793,-0.5640575,-0.330232
355,1778230189500,4.7974334,5.4085526,2.7549183,1.9403793,-0.5640575,-0.330232
356,1778230189510,4.52770136,4.95592394,2.20432506,2.87557486,-0.55542887,-1.7650367599999999
357,1778230189520,4.0060046400000004,4.2412267,1.3559820999999999,3.7225666000000004,-0.633086636,-3.24170632
358,1778230189530,3.9205358,4.1379905,1.2356619,4.267982,-0.6897587,-4.207262
359,1778230189540,3.3286968,2.929114075,0.12721485087499998,3.93681805,-0.7230482425,-5.95070035
360,1778230189550,3.039977,2.3273299,-0.37121108,3.6155076,-0.7025419,-6.8171597
361,1778230189560,2.6853619,1.7274371,-0.5806122,3.0602917599999997,-0.57130134,-7.17210578
362,1778230189570,2.4703474,0.6118515,-0.44808912,1.5749935,0.47031426,-7.998538
363,1778230189580,1.97715652,-0.37902090000000005,-0.18196908,1.1978899,1.1669972640000001,-8.3769202
364,1778230189590,1.3152245,-1.1409676,0.031483386,0.99762017,1.9244002,-8.709602
365,1778230189600,0.8419568333333333,-1.5599325166666667,0.13602124766666665,1.1776498566666669,1.9332774,-8.638584666666667
366,1778230189610,0.21721094999999999,-2.13647712,0.0979157708,1.8128670599999999,1.3829263,-8.256651600000001
367,1778230189620,-0.13618395,-2.4649782,0.058573738,2.1763353,1.0130665,-8.025702
368,1778230189630,-0.7836067875,-2.7232518,-0.2906721755,2.4549019,0.18189390000000005,-7.515973000000001
369,1778230189640,-1.3525653,-2.8940308,-0.8022161999999999,2.3877902,-1.1952267,-6.237656
370,1778230189650,-1.6550335,-2.9643193333333335,-1.0817431333333334,1.8874710666666665,-1.2005530333333334,-5.756511333333333
371,1778230189660,-2.4505788,-3.0984288,-1.4027190999999999,0.505468,-0.7520766999999999,-4.43842425
372,1778230189670,-3.3577396,-3.221738725,-1.4553134,-0.6263755,-0.3009372,-3.3609095
373,1778230189680,-4.1462884,-3.2947728999999994,-1.0694588,-2.11518902,0.47372312,-0.542219636
374,1778230189690,-3.76019,-3.2898916999999996,-0.22355644,-2.902313,0.8133294,2.058091
375,1778230189700,-3.3382964000000004,-3.248239233333333,-0.01871106,-2.902313,0.8133294000000001,2.058091
376,1778230189710,-2.2909653,-3.1141706,0.23722363,-2.61820698,0.338541034,4.3145342
377,1778230189720,-1.79426004,-3.01737746,0.23693076400000002,-1.61813666,-0.921666806,7.1898958
378,1778230189730,-0.7690244,-2.7490609,0.08297946,-1.1279818750000001,-1.550359225,7.6592515
379,1778230189740,0.01742569599999999,-2.24962202,-0.275882308,-0.8002266600000001,-2.6149047,8.0056756
380,1778230189750,0.21403822,-2.1247623,-0.36559775,-0.98739363,-2.8654549400000002,8.2142542
381,1778230189760,0.4911651925,-1.7130378,-0.54156305,-1.6383767,-2.8176246,8.604673
382,1778230189770,0.8829990999999999,-1.3025335,-0.6469958,-2.021073,-2.5036378,8.7769795
383,1778230189780,1.94459944,-0.37496954000000005,-0.15907652,-3.4992872200000003,-0.591754384,9.097998
384,1778230189790,2.8684049,0.6657882,0.4846977,-4.101534475,0.3801662475,8.89788725
385,1778230189800,2.8684049,0.6657882,0.4846977,-4.2109904,0.57098174,8.818791
386,1778230189810,3.6039932,1.5636748,1.0484699,-4.23463922,0.977806256,8.08088274
387,1778230189820,3.9045741400000002,2.7966519599999997,1.6782840399999999,-4.052905040000001,1.24390936,7.0448070000000005
388,1778230189830,3.90428134,4.581247639999999,2.1686927799999998,-2.3350596,1.2048141,3.3880737000000005
389,1778230189840,3.9943874800000003,5.17967574,2.1772835600000002,-2.05990182,1.32305844,2.8022847
390,1778230189850,4.04305252,5.263436100000001,2.17284172,-1.8764633,1.401888,2.4117587
391,1778230189860,4.16342144,5.269391260000001,2.29799432,-1.3623667,1.7416008599999997,1.396561688
392,1778230189870,4.2671782333333335,4.993655466666667,2.630042233333333,-0.21855675333333333,2.2494834666666663,-0.36414289333333333
393,1778230189880,4.1473624000000004,4.1731838,2.86679392,2.0376379140000003,2.24951906,-2.51690042
394,1778230189890,3.8302751666666666,3.10489625,2.803445,2.52734,2.229066,-2.9630332
395,1778230189900,3.7863042,2.9867725,2.7722464,3.858388,1.7928401,-3.9446743
396,1778230189910,3.4830874800000005,2.4605851,2.40127932,4.61962588,1.26809082,-4.6370961799999995
397,1778230189920,2.6572952,1.1224194,1.3633038,6.1875887,-0.018109497,-6.325008
398,1778230189930,1.9980967,0.06223460000000001,0.38146147,5.868009,-0.2545982,-7.3151712
399,1778230189940,1.80148422,-0.28276472799999997,0.08390687960000001,5.300756,0.029827405,-7.6118474
400,1778230189950,1.7523311,-0.36901456,0.009518232,5.1654674,0.09566075,-7.64444446
401,1778230189960,1.28871982,-0.8992533,-0.26836534,3.5196338,1.0871024,-7.7284937
402,1778230189970,0.8009959,-1.4738617,-0.3968371,3.5196338,1.0871024,-7.7284937
403,1778230189980,0.6031875,-1.8952266,-0.520818165,2.9619678499999997,1.3551496250000001,-7.5343493
404,1778230189990,0.15312151599999999,-2.5696299,-0.799043414,2.5097631199999997,1.49264854,-7.3754649
405,1778230190000,0.09005712,-2.6328895,-0.83760446,2.4431841,1.504686,-7.351922499999999
406,1778230190010,-0.42343933500000003,-2.73978655,-1.0596965699999998,1.84423912,1.4825818,-6.9366026
407,1778230190020,-1.9639286999999999,-3.0604777,-1.7259729,0.49215218,1.4088123,-5.8935757
408,1778230190030,-3.12036966,-3.02591946,-1.8105141799999998,-1.6213325,1.3038837,-2.6450517
409,1778230190040,-3.7079618000000005,-2.9218535,-1.6085813000000002,-2.3009713,1.2319783,-0.8165251999999998
410,1778230190050,-3.7079618,-2.9218535,-1.6085813,-2.3009713,1.2319783,-0.8165252
411,1778230190060,-3.6467035,-2.8156884,-1.2976524,-2.41623288,0.8973787520000001,0.51601412
412,1778230190070,-2.922585625,-2.6712675,-0.7465101,-2.700978,0.9006811,1.0178602
413,1778230190080,-2.43344606,-2.56948346,-0.51735254,-2.0330572200000003,-0.530501728,4.53568304
414,1778230190090,-1.239127512,-2.27539448,-0.399960992,-1.36534944,-1.55475354,6.27238348
415,1778230190100,-0.713818656,-2.11046062,-0.399375264,-1.2911005,-1.6564863000000003,6.3697486
416,1778230190110,-0.195245785,-1.7515988500000002,-0.5698737,-1.063932825,-3.163702275,6.879877275
417,1778230190120,0.16534878,-1.39515325,-0.75767575,-1.8765965,-3.49020585,7.29652875
418,1778230190130,0.45077375,-1.0040516,-0.9371798,-2.5177526,-3.3907368000000004,7.563378
419,1778230190140,1.0306538375,-0.58616453,-0.5145336875,-4.391553,-2.489523,8.215852
420,1778230190150,1.55283864,-0.22692443399999998,0.01835309999999999,-4.4940314,-2.31247604,8.2371572
421,1778230190160,2.03695056,0.131839726,0.59833076,-4.9197106,-0.7980961200000001,8.1770764
422,1778230190170,3.46785828,1.9149707120000001,2.27412538,-4.620691,-0.112385402,7.78378082
423,1778230190180,3.7622889600000002,2.4776203000000003,2.63947908,-3.9514920000000004,0.342056414,7.142171960000001
424,1778230190190,3.908333,3.977889,2.938205,-1.238263402,0.68975872,4.9760632000000005
425,1778230190200,3.958023,4.15517232,2.87279772,-0.67537767,0.5704491,4.608334
426,1778230190210,4.032558,4.4210973,2.7746868,1.0958020433333333,-0.03320074666666665,3.402454666666667
427,1778230190220,4.438864560000001,4.9435259600000006,2.47928,2.4211330760000003,-0.4023504148,2.32483314
428,1778230190230,4.64943696,4.8213019599999996,1.6601261600000001,5.2791311,-1.51097114,-1.01327956
429,1778230190240,4.57368162,4.43042028,0.924732908,6.0139503,-2.0596888,-2.6780748
430,1778230190250,4.453312625000001,4.21816375,0.6023943075,5.977997625,-2.11508255,-3.0182936
431,1778230190260,3.6240063,3.2950168,-0.6450433,5.1984906,-2.1342573,-5.182512
432,1778230190270,3.3712848500000003,2.9833558,-0.9028898,4.6450858,-1.9193402499999999,-5.6331187499999995
433,1778230190280,2.401401325,1.66770415,-1.298201475,2.105095775,-0.5755091449999999,-6.964166325
434,1778230190290,1.7620933,0.746083,-1.1070436,0.33076462,0.63915867,-7.6161084
435,1778230190300,1.6235501333333335,0.57792756,-1.0025871333333332,0.33076462,0.63915867,-7.616108399999999
436,1778230190310,0.9752528,-0.3014107,-0.56670094,-1.1664646,2.016013,-7.8749676
437,1778230190320,0.9752528,-0.3014107,-0.56670094,-1.17434756,2.0507406,-7.58734616
438,1778230190330,0.3341632,-1.20754646,-0.05915948200000002,-1.4210628,2.3212113,-7.801996700000001
439,1778230190340,-0.088104665,-1.9234152000000002,0.34851375,-0.7616641,1.8343854,-6.776147400000001
440,1778230190350,-0.11080198625,-2.017682325,0.38615958250000004,-0.7616641,1.8343854,-6.7761474
441,1778230190360,-0.732415798,-2.5945237800000003,0.282569488,0.076805564,1.54260946,-6.392012920000001
442,1778230190370,-0.87079626,-2.6680338,0.22843759000000002,1.14526582,1.18425446,-5.69788646
443,1778230190380,-2.1059701,-2.8727977,-0.32947728,1.6612799,1.0934939,-4.6594667
444,1778230190390,-2.71669898,-2.7525264199999997,-0.636013168,1.59906846,0.9528790199999999,-3.6887977400000005
445,1778230190400,-2.8693812,-2.7224586,-0.71264714,1.499226575,0.8616657675,-3.0763506
446,1778230190410,-3.3573003999999997,-2.6291310799999996,-0.9797433479999998,0.374227436,0.313187754,0.36527915999999994
447,1778230190420,-3.738469,-2.2406895,-1.415532,-0.20719394,0.05965481,1.9201392
448,1778230190430,-2.89720375,-2.154842625,-1.19203665,-1.0804444850000001,-0.3518035975,3.9418780499999997
449,1778230190440,-2.616782,-2.0610635,-0.882511,-1.371528,-0.4889564,4.615791
450,1778230190450,-2.616782,-2.0610635,-0.882511,-1.56434088,-0.62658856,5.21787832
451,1778230190460,-1.5655785000000002,-1.92951658,-0.648069596,-1.8706043600000002,-0.9199624,6.67239026
452,1778230190470,-1.01186135,-1.87753235,-0.53033637,-1.8748654,-0.9416938,6.8102355
453,1778230190480,-0.019036464,-1.5060773,-0.4698102,-1.9938200000000001,-1.003124,6.964343833333333
454,1778230190490,-0.019036464,-1.5060773,-0.4698102,-2.7979171,-1.1685951,7.1378045
455,1778230190500,0.30116665,-1.0987457,-0.68262815,-2.7979171,-1.1685951,7.1378045
456,1778230190510,0.30116665,-1.0987457,-0.68262815,-3.1566981800000002,-1.2444419400000002,7.20086814
457,1778230190520,0.7225925,-0.53979363,-0.49549721625000004,-4.6253780749999995,-1.539173975,7.41903425
458,1778230190530,1.9329334200000001,0.4476009879999999,0.60892282,-5.04605114,-1.53323512,7.339246
459,1778230190540,2.3937135,0.91521466,1.1702545,-5.1100736,-1.2761868,6.949785
460,1778230190550,3.01923225,1.65226753,1.78015355,-4.510995449999999,-0.95767273225,6.356965375
461,1778230190560,4.0947924,3.2293656,2.6882906,-3.5399802,-0.3357713538,5.3497581
462,1778230190570,4.2258510000000005,3.5840294399999997,2.65651436,-2.5148763,0.01512675400000001,4.37866298
463,1778230190580,4.469664,4.625617,2.361742,-0.020772656,0.5683186,1.7646105000000003
464,1778230190590,4.57363278,4.661054200000001,2.34695212,0.4806473176,0.588771664,1.19096562
465,1778230190600,4.73007376,4.5467378,2.32435246,1.05706192,0.596441552,0.52496231
466,1778230190610,4.738371580000001,4.280227399999999,2.2376633999999997,2.6459038,0.45145906399999997,-1.29770516
467,1778230190620,4.570338,3.9244407,2.0616737,3.5665052,0.20026972250000002,-2.309227
468,1778230190630,4.038903449999999,3.1283258,1.38575705,4.6139265,-0.3824299475,-3.9310921499999996
469,1778230190640,3.2496833499999997,2.2192737,0.4008029875,5.0770505,-0.9867012,-5.4272562
470,1778230190650,2.8522971,1.8561775,-0.00915216000000002,4.69222365,-1.27698575,-6.20463285
471,1778230190660,2.3082935,1.24829175,-0.4759726675,3.4429348,-1.2431636,-7.086139
472,1778230190670,2.1535612,1.0257725399999997,-0.55152058,3.23265156,-1.146757174,-7.1574051999999995
473,1778230190680,1.9046227999999998,0.6186851,-0.5854933,2.3915186,-0.76113147,-7.44247
474,1778230190690,1.312784,-0.37755656,-0.30946457,0.56245965,0.928378,-7.9767003
475,1778230190700,1.312784,-0.37755656,-0.30946457,0.56245965,0.928378,-7.9767003
476,1778230190710,0.3226437,-1.3230344,0.14887492,0.47915595799999994,1.4422615200000002,-7.636241780000001
477,1778230190720,-0.44379369999999996,-2.5330214,0.577195428,0.84571346,2.01633258,-6.900889619999999
478,1778230190730,-0.7301217,-2.84492656,0.49187298,1.6032230000000003,1.8056233,-6.415555
479,1778230190740,-1.2742229,-3.0807345,0.20598431,2.1747375,1.5227956,-6.0198092
480,1778230190750,-1.60223582,-3.12651974,0.046566122,2.33580546,1.3446833599999999,-5.74561032
481,1778230190760,-3.2957976799999997,-3.09659832,-0.9100895120000001,2.5443842,-0.1272991,-2.9976542
482,1778230190770,-3.5961833,-3.0719485,-1.0894716,2.5443842,-0.1272991,-2.9976542
483,1778230190780,-4.06697,-2.8203256,-1.6449459,1.4173343,-1.427987,0.5656554
484,1778230190790,-3.7206526,-2.6333778,-1.6595891999999999,0.4628574,-1.6490294000000003,2.7281423
485,1778230190800,-3.7206526,-2.6333778,-1.6595892,0.1272991,-1.57579245,3.5100465
486,1778230190810,-2.36994226,-2.3782891,-1.27734682,-0.61881216,-1.23325666,5.23811842
487,1778230190820,-2.4963395,-2.3990828,-1.31241785,-1.2346416,-0.8293084,6.65737
488,1778230190830,-0.74413055,-2.059111,-0.9972179000000001,-1.97734384,-0.27707529599999997,7.631022
489,1778230190840,-0.47132335999999997,-1.9506031,-0.946112336,-2.56355884,-0.029507827199999996,8.085783
490,1778230190850,-0.2894519,-1.8782645,-0.91204196,-2.6636937,-0.002130529,8.13862
491,1778230190860,0.519695524,-1.30385148,-0.740713748,-3.4721229399999998,-0.26855316382,8.1852788
492,1778230190870,0.400449148,-1.40474476,-0.767804096,-3.6768667799999997,-0.26876621666,8.2351332
493,1778230190880,1.10489596,-0.82296104,-0.193635032,-5.312474,-1.6181367999999998,8.004397
494,1778230190890,1.9341048800000002,-0.16605654799999997,0.6542198480000001,-5.276254799999999,-1.7050622399999997,7.729984999999999
495,1778230190900,2.3403869750000004,0.27737108625,1.08562768,-5.2672,-1.7267936,7.661382
496,1778230190910,3.6454833,2.0693614,2.3585694,-4.71613884,-1.2082228976,7.13460872
497,1778230190920,3.6454833,2.0693614,2.3585694,-4.08995005,-0.650610272,6.5187527
498,1778230190930,3.6454833,2.0693614,2.3585694,-3.4887412000000007,0.010120012,5.995841
499,1778230190940,3.87953382,3.38151072,2.0827845199999997,-2.44829732,1.6961140799999999,4.33850256
500,1778230190950,3.8536637,3.180798,2.0661886,-2.5326662,1.5563514,4.5960836
501,1778230190960,4.096460116666666,3.532932033333333,2.3486035333333333,-1.03525948,1.5783668000000002,2.5088753333333336
502,1778230190970,5.096525525,4.052387775,3.1579177,-0.31585090000000005,1.7458353,1.4530207750000002
503,1778230190980,5.252356,3.8080251,3.0597458,2.5987127,1.4705976,-1.5526229
504,1778230190990,4.468444,2.8120277,2.033485,3.7939394,1.196292,-2.910835
505,1778230191000,4.2131601199999995,2.58202814,1.7623862000000003,4.36492108,0.882891188,-3.8506114000000005
506,1778230191010,3.1820183,1.7064483,0.72070104,5.2943645,0.04314321,-6.056561
507,1778230191020,2.77087956,1.3109779700000002,0.348660178,5.03997906,-0.144343326,-6.514625
508,1778230191030,2.2265344,0.73510045,-0.11592719,4.36066,-0.2066613,-7.0366044
509,1778230191040,1.5421977,-0.24430129999999997,-0.28749946,2.9092371,0.44208476,-7.4813523
510,1778230191050,1.33601814,-0.502757936,-0.25674822399999997,2.54555592,0.738654374,-7.514588519999999
511,1778230191060,0.82393724,-1.0599406,-0.13520771,2.03241804,1.1910722200000001,-7.4971184
512,1778230191070,0.54186809,-1.330478125,-0.031971498125000004,1.7358484,1.48631025,-7.3532545
513,1778230191080,0.14399378,-1.7015672,0.06296677,1.61462134,1.6810938200000003,-6.997402599999999
514,1778230191090,-0.19553865200000003,-2.08854416,-0.099672966,1.83023082,1.70218606,-6.330547
515,1778230191100,-0.28042176,-2.1852884,-0.1403329,1.8849854000000001,1.6959009999999999,-6.2035675
516,1778230191110,-0.836774632,-2.50602852,-0.518377612,1.9421901599999998,1.8372616400000001,-5.8464908
517,1778230191120,-1.5648950799999999,-2.73890814,-0.876848856,1.8414162,1.77899168,-5.3998254
518,1778230191130,-3.00634602,-2.85542112,-1.4476987000000001,1.17253663,1.174667124,-3.84901348
519,1778230191140,-4.1004057,-2.8820722,-1.8013865,0.76752305,0.81226414,-2.9635658
520,1778230191150,-4.1162696,-2.79211258,-1.7292432000000002,0.231908082,0.43260389200000005,-1.5435682400000001
521,1778230191160,-4.0288973,-2.5901794,-1.5256019,-1.0641992,-0.47830373000000004,2.4602282
522,1778230191170,-4.0288973,-2.5901794,-1.5256019,-1.0641992,-0.47830373,2.4602282
523,1778230191180,-3.26200825,-2.45021275,-1.29100185,-1.531184525,-0.9672601325000001,5.7375143
524,1778230191190,-1.249085,-2.1789432,-0.9715919,-1.6868462999999998,-1.1302456,6.829943
525,1778230191200,-1.249085,-2.1789432,-0.9715919,-1.7690048,-1.21386885,7.090932825
526,1778230191210,-1.249085,-2.1789432,-0.9715919,-2.275405,-1.6016251,8.003332
527,1778230191220,0.448430748,-1.6620298599999999,-0.845219044,-2.5263811599999997,-1.7571537400000001,7.990548799999999
528,1778230191230,1.3923465,-1.1087521,-0.8031924,-3.8051245,-2.310026,7.5069184
529,1778230191240,1.3923465,-1.1087521,-0.8031924,-3.8051244999999994,-2.310026,7.506918400000001
530,1778230191250,1.59061862,-0.86254714,-0.646702888,-4.6302783,-2.3064041200000003,7.21674048
531,1778230191260,2.28303355,-0.202689545,0.33142974,-6.572149,-1.71853795,6.6882629
532,1778230191270,2.6780403000000006,0.08786061,1.0748281,-7.276289000000001,-1.1361046,6.5950522000000005
533,1778230191280,3.893079375,1.0927663275,2.838080875,-6.434596775,0.911600075,5.4733288
534,1778230191290,4.62083368,2.16517842,4.03109356,-5.273911480000001,2.13617488,4.2582882
535,1778230191300,4.701519,2.3495393,4.182409,-4.687164,2.4975126,3.697533
536,1778230191310,4.402853825,2.7751751000000002,4.012118075,-3.2372057325,2.36861555,2.4280040662499998
537,1778230191320,4.12803302,3.49270316,4.003075699999999,-2.034548612,2.35721718,1.370782346
538,1778230191330,3.13198666,4.0784407,2.8045593799999997,0.598039494,0.45614621999999994,-1.111496907
539,1778230191340,2.932836,3.948846,2.4757166,1.315468475,-0.0022636874999999983,-1.8414427249999998
540,1778230191350,2.932836,3.9488460000000005,2.4757166,1.4588797,-0.05539375,-1.9840550000000001
541,1778230191360,2.9253516666666664,2.988725,2.0276275,2.8340473166666666,0.4571759933333333,-3.198722783333334
542,1778230191370,2.76990332,2.594963,1.7245572599999999,3.4573158200000003,0.7488809160000001,-3.8588138
543,1778230191380,2.4865772,2.0005372,1.2744669,4.177834225,0.9568738025000001,-4.71286275
544,1778230191390,1.86764815,1.277273675,0.73180563,4.3618585,0.8290420475,-5.10381525
545,1778230191400,1.7142582,1.1126571,0.60941094,4.396879,0.78936094,-5.195295
546,1778230191410,1.62607215,0.96394485,0.5629180366666666,4.330388733333334,0.7617528433333334,-5.292766666666666
547,1778230191420,1.3847809,0.5222825,0.44369608,3.8306909333333334,0.7128394533333333,-5.886651466666667
548,1778230191430,1.12418865,0.050702889499999994,0.41349398249999997,3.6195023500000003,0.83729785,-6.0104885
549,1778230191440,0.65919864,-0.49470404000000007,0.48957883999999996,3.2655682999999995,1.0636666,-6.160957
550,1778230191450,0.47005424799999995,-0.7360278960000001,0.575779872,3.09555206,1.3005814,-6.10726772
551,1778230191460,0.30287504,-0.99038434,0.6460195,3.18301,1.4226607,-5.918609
552,1778230191470,0.30287504,-0.99038434,0.6460195,3.3099896,1.3696104999999998,-5.817622
553,1778230191480,0.253819538,-1.154390836,0.6259580199999999,3.79404588,1.027341,-5.5460864999999995
554,1778230191490,-0.19793043,-1.9141409,-0.049787678,4.063984,0.7099988,-5.478122
555,1778230191500,-0.46326947399999996,-1.9886759599999997,-0.3059013692,3.9601206399999995,0.35462655200000004,-5.33558996
556,1778230191510,-1.1995413,-2.144531,-0.9796458,3.2671661,0.1272991,-4.8032775
557,1778230191520,-1.3910042249999999,-2.160394725,-1.095572975,3.0372021499999997,0.2117213075,-4.610065125
558,1778230191530,-2.69434324,-2.15727082,-1.6830675800000001,1.0685668,1.251259626,-2.5320270359999997
559,1778230191540,-3.5066147,-2.0554502,-1.8240839000000002,-0.7419567,2.3861923,0.10439592
560,1778230191550,-3.53678018,-2.02059878,-1.79025764,-1.15325532,2.4922926399999996,1.0270214279999998
561,1778230191560,-3.2891593,-1.9956559999999999,-1.6854593999999998,-1.875398,2.2615564,2.996589
562,1778230191570,-2.7814227000000002,-1.96397746,-1.5795873200000001,-1.96125836,0.6672816399999999,4.30579896
563,1778230191580,-1.8506861000000001,-1.8455609,-1.3957634,-1.9691414000000003,-1.2112057,5.6070194
564,1778230191590,-1.8506861000000001,-1.8455609,-1.3957634,-1.9691414000000003,-1.2112057,5.6070194
565,1778230191600,-1.48811466,-1.7913801799999998,-1.4191928800000002,-1.91332156,-2.22832014,5.916159240000001
566,1778230191610,-0.6734515799999999,-1.60994806,-1.51837782,-1.9740415599999999,-4.402951160000001,6.62274924
567,1778230191620,-0.33667697999999996,-1.5849078,-1.534388,-2.1915153,-4.790228000000001,6.83953045
568,1778230191630,0.15131548,-1.467028125,-1.345853675,-2.9225530500000003,-4.9694585,7.3284868
569,1778230191640,0.46370876,-1.2522577,-0.87982637,-3.9622512,-4.462393,8.1641865
570,1778230191650,0.73058534,-1.052923975,-0.4798775525,-4.1535993,-4.006592725,8.594420625
571,1778230191660,2.6699862,-0.016595893,0.8568849999999999,-3.9531963000000006,-2.3419838,9.042498
572,1778230191670,3.15692932,0.3306487442,1.1337435599999999,-3.54754366,-1.6815198800000002,8.4054692
573,1778230191680,4.5536200000000004,1.6224926,1.93635015,-2.9052425,-0.815326775,7.2095764749999995
574,1778230191690,5.2821309166666675,3.3129144000000004,2.33941065,-2.2434469666666668,-0.17044231466666668,5.8548711
575,1778230191700,5.40147482,3.8581057800000003,2.4013280200000002,-1.5082014400000001,0.0387756264,4.18041748
576,1778230191710,5.28506,4.7127457,2.170157,-0.44128579749999997,0.02263686975,1.33464325
577,1778230191720,5.14399496,4.7809839400000005,2.10435916,-0.199950136,0.055393752399999996,0.251615486
578,1778230191730,4.83194312,4.74886584,2.05593824,-0.007456851999999998,0.26450517360000003,-0.819827536
579,1778230191740,4.721836425,4.087653775,2.150327325,0.06178534,0.38615838,-1.2144015
580,1778230191750,4.3025826,2.9945336,1.95787604,1.3161342399999998,1.5127821000000001,-3.9767387400000005
581,1778230191760,3.746523,2.3685756,1.6017478,2.515622,1.7241305,-5.9628177
582,1778230191770,3.07643922,1.7969447199999997,1.14638573,2.88676026,1.2422049,-6.8056553
583,1778230191780,2.5421004,1.2654368,0.75267255,2.9193573,1.0402308,-7.069628
584,1778230191790,2.1568802400000004,0.397764488,0.56347935,2.8549087,0.96299905,-7.404120399999999
585,1778230191800,1.9403771,-0.06992240999999999,0.48701621500000003,2.8153607750000003,1.0957576625,-7.539941625
586,1778230191810,1.50212356,-0.684824646,0.38853914,2.65410644,1.7569407000000001,-8.066289059999999
587,1778230191820,1.18304314,-0.9701763400000001,0.33430961,2.63802088,2.0150543,-8.0989924
588,1778230191830,0.514130996,-1.44462364,0.26436281,2.6738138,2.2700787,-8.041681
589,1778230191840,0.16620298,-1.6654465999999999,0.19329333,2.8043087,2.3350596,-7.79454
590,1778230191850,-0.65260905,-2.0430033,-0.25308737,2.84452235,2.2210763,-7.277354
591,1778230191860,-1.0457853,-2.12403,-0.5786598,2.6961844,1.9473034,-6.201437000000001
592,1778230191870,-1.39337162,-2.1619077399999997,-0.8045103399999999,2.48813824,1.91790208,-5.8355186
593,1778230191880,-2.4007912,-2.2560651,-1.4121152,1.5724635249999999,2.0924456749999996,-4.3500074
594,1778230191890,-3.0334364000000003,-2.23112248,-1.6433350199999999,0.8690427319999999,2.2538865,-3.0034066800000003
595,1778230191900,-3.39386,-2.2358084,-1.7813739,0.3636546475,2.2692795,-1.7891117
596,1778230191910,-3.6232738400000004,-2.20203096,-1.86396278,-0.23435818,2.0501015,-0.010120012
597,1778230191920,-3.66266466,-2.1822622799999998,-1.88910072,-0.603578856,1.51469954,1.4464161176
598,1778230191930,-2.8369215,-2.076195,-1.6752089,-0.9108011,0.8127968,2.8336034
599,1778230191940,-2.8369215,-2.076195,-1.6752089,-1.0748519,-0.12250541,3.965447
600,1778230191950,-2.03060508,-1.9573878999999998,-1.53721894,-1.3283848,-2.2136195,5.5777245
601,1778230191960,-1.1907552,-1.8223755000000001,-1.3928347,-1.4868961600000001,-2.76883534,5.9450281
602,1778230191970,-0.896763888,-1.7753212600000001,-1.3241569800000001,-1.63198516,-3.06359402,6.19408696
603,1778230191980,-0.10982577,-1.6510473,-1.1375508,-2.43104018,-3.18119922,6.98046512
604,1778230191990,0.25089085,-1.5634308,-1.0711672,-3.1846079999999994,-2.7334684999999994,7.364706000000001
605,1778230192000,0.35769031,-1.49626624,-1.021525966,-3.184608,-2.7334685,7.364706
606,1778230192010,0.78488815,-1.227608,-0.82296103,-4.83417,-1.4604776,7.6725674
607,1778230192020,0.9841852600000001,-1.2139895600000001,-0.555864772,-5.1618454,-1.2069446400000001,7.694724840000001
608,1778230192030,1.11705,-1.2049106,-0.3778006,-5.6533585,-0.8266452,7.727960999999999
609,1778230192040,2.67330552,-0.457509732,1.91282314,-4.73978756,-0.40352216399999996,6.53454526
610,1778230192050,2.9550452,-0.21403822,2.2321477,-4.1843586,-0.51665324,6.0997043
611,1778230192060,3.54131944,2.3085863719999997,2.4022555199999998,-1.4523815299999998,-2.2523951799999997,3.8305845399999994
612,1778230192070,3.5578666,0.80587703,2.7068388,-0.66365975,-2.9987195,3.0876691
613,1778230192080,3.5468351599999997,1.8076832580000002,2.5037832799999995,-0.66365975,-2.9987195,3.0876691
614,1778230192090,4.78069078,4.609753240000001,2.1179288400000003,-0.9629991099999999,-2.16557618,1.6750218000000001
615,1778230192100,5.1530247,4.770831,2.2565534,-0.995356525,-1.0664629250000002,0.70254185
616,1778230192110,4.6663747,4.6016994,3.0616982,-0.48480188,3.40873982,-2.92777272
617,1778230192120,3.0634065000000006,3.6059456,3.0023923,0.85700524,3.2623725,-4.0416136
618,1778230192130,2.3639383,3.0431497,2.6343539,1.845144488,2.6534673,-4.498824879999999
619,1778230192140,2.081503225,2.590484575,2.219029475,3.3502567,1.4082797,-5.089301
620,1778230192150,1.9088694,1.61624468,1.3402159999999999,3.90792268,0.95511614,-5.5373513
621,1778230192160,1.7957731,0.9659786,0.83882475,4.329234875,0.66579028,-6.082127325
622,1778230192170,1.69356202,0.734905196,0.71787,4.3101667,0.736736884,-6.2606655600000005
623,1778230192180,1.6254213,0.58085626,0.6372335,4.1332262,1.05791416,-6.541363
624,1778230192190,1.25811512,0.014155330000000022,0.589154215,4.05146725,1.2940299999999998,-6.61475965
625,1778230192200,0.697515586,-0.728998982,0.5423928119999999,4.03543496,1.78964422,-6.5822691
626,1778230192210,0.21184167,-1.1006982,0.47859627,4.236024,2.108691,-6.309561300000001
627,1778230192220,0.21184167,-1.1006982,0.47859627,4.34388215,2.0807278499999997,-6.14471165
628,1778230192230,-0.02294139799999999,-1.2736859600000001,0.33860503,4.63091778,1.74319882,-5.60915
629,1778230192240,-0.8710403,-1.8919317,-0.4890907400000001,4.899684,1.27885,-5.053082
630,1778230192250,-1.1072876999999999,-2.0305562333333333,-0.91179788,4.680772233333333,0.38012187333333336,-4.326749133333333
631,1778230192260,-1.3664765,-2.161859,-1.3508569,4.3484097,-0.26418558,-3.7417414
632,1778230192270,-1.52540662,-2.19026724,-1.52277082,3.77487106,-0.39585225999999996,-3.28708652
633,1778230192280,-2.233734,-2.2267783,-2.1611269,3.1467910999999997,-0.38828888500000003,-2.7766118
634,1778230192290,-2.7036662,-2.220677,-2.5416121,2.6620958,-0.34780884,-2.3798008
635,1778230192300,-2.92873568,-2.2427885,-2.57382766,0.03099915999999998,0.4206729470799999,0.15840475999999995
636,1778230192310,-2.9958029,-2.243374,-2.3073173,-1.8136127,0.6711166,2.4410534
637,1778230192320,-2.80353458,-2.2219948,-2.10084482,-2.0910075800000003,0.4878911199999999,3.01075684
638,1778230192330,-2.25391762,-2.1587351999999997,-1.70976742,-2.59349286,-0.03312972000000003,4.1918156
639,1778230192340,-1.6217605,-2.085225,-1.3296238,-2.9390647,-1.0178602,5.49783
640,1778230192350,-0.862864405,-1.96002375,-1.0684216,-3.012567925,-1.8275944000000002,6.086655
641,1778230192360,-0.341045592,-1.82828168,-0.9046226,-3.0903322,-2.3821443600000003,6.4474068
642,1778230192370,-0.172987776,-1.7581395999999998,-0.8658175,-3.103648,-2.453304,6.488526
643,1778230192380,0.1976863525,-1.53597425,-0.73888333,-3.36570315,-2.6772758999999997,6.761100425
644,1778230192390,0.520183616,-1.24615632,-0.49392306399999997,-3.78722828,-2.6678482800000003,7.0908262
645,1778230192400,0.72375181,-0.9988043,-0.258700685,-3.9776974,-2.6269422,7.407849
646,1778230192410,1.228096,0.23868799,0.6894617,-3.8637141999999995,-2.6455843,7.555387999999999
647,1778230192420,1.228096,0.23868799,0.6894617,-3.8637141999999995,-2.6455843,7.555387999999999
648,1778230192430,3.2442041600000002,1.6524628780000001,1.71411162,-3.65428322,-2.50901738,7.32102988
649,1778230192440,3.7482312,2.0059066,1.9702741,-2.8165593,-1.9627497000000003,6.3835974
650,1778230192450,4.754418075,3.4030732,2.144164975,-2.141447925,-1.4190654,4.21045785
651,1778230192460,4.8962765,4.8957887,2.2741253,-1.7838918400000001,-0.873942948,2.4246484
652,1778230192470,4.754235125,4.8957887,2.2741253,-1.699229975,-0.340751465,1.3068131
653,1778230192480,4.44110975,4.611156425,2.57852585,-1.17751665,1.019458125,-0.7078683000000001
654,1778230192490,4.0012698,4.2251677999999995,2.69697918,-0.5884520520000001,1.69025518,-1.95231022
655,1778230192500,3.5466398999999997,3.8240110499999997,2.6142801749999998,-0.09414274,1.8652781250000001,-2.6395922
656,1778230192510,3.2615809999999996,3.50236802,2.4350566799999998,0.7228884600000001,1.8059428400000002,-3.53614536
657,1778230192520,2.6104362,2.6536345,1.8340902,1.4263891,1.6005597999999999,-4.215784
658,1778230192530,2.6104362,2.6536345,1.8340902,1.7623734599999998,1.4343786,-4.5568816
659,1778230192540,1.867038,1.1429201,0.80563295,2.6630279999999997,0.989763855,-5.945374
660,1778230192550,1.70966984,0.42871095600000003,0.7048861900000001,2.77820976,1.280021748,-6.716598960000001
661,1778230192560,1.5142938666666665,-0.039944043333333325,0.6631035666666666,2.9369339999999995,1.6016251,-7.0579095
662,1778230192570,1.4362769,-0.1849954,0.6548056,3.04623024,1.6971792999999997,-7.11351636
663,1778230192580,0.78396068,-0.8672818120000001,0.45565490000000003,3.3397105199999997,1.78623544,-7.0763384
664,1778230192590,0.39268813,-1.2224828,0.260165,3.470099,1.7257284,-6.945524
665,1778230192600,-0.0993313,-1.7681948000000003,-0.16986385,3.5252797199999995,1.61174508,-6.6947608
666,1778230192610,-0.43613032,-2.0371459,-0.5110559,3.5652271200000003,1.4124341,-6.1841797199999995
667,1778230192620,-0.65321924,-2.11231555,-0.6823840999999999,3.4390731,1.36367165,-5.881191975
668,1778230192630,-1.25461692,-2.2670478666666667,-1.0694588999999999,3.1910884,1.3546612333333332,-5.484070133333333
669,1778230192640,-2.1137798,-2.408357,-1.5077857,2.415487,1.5377092,-4.207262
670,1778230192650,-3.35115,-2.4422808,-2.1784549,1.5462313,1.7254621,-2.3708792
671,1778230192660,-3.7106464000000003,-2.3944457,-2.4752285,0.5209143,1.6447683999999998,-0.26844665
672,1778230192670,-3.71650378,-2.36530532,-2.51403356,0.06934870200000003,1.41115582,0.6378803200000001
673,1778230192680,-3.641944275,-2.33727535,-2.5124472,-0.40400156,1.0980212925000001,1.598828775
674,1778230192690,-2.878997,-2.2462540399999997,-2.2539664,-1.4908376,-0.12836437,3.7848847
675,1778230192700,-1.912432525,-2.02329555,-1.7902210250000001,-2.076466775,-1.3215937675,4.934571175
676,1778230192710,-1.1331578,-1.8282329,-1.4533609,-2.5587652,-2.1598237,5.8094196
677,1778230192720,-1.04851875,-1.8064141799999998,-1.4274908400000001,-2.69788872,-2.23204862,5.96239164
678,1778230192730,-0.5769025352,-1.6822378399999998,-1.2678286,-3.2476717600000002,-2.2206502400000003,6.407672219999999
679,1778230192740,0.19646609,-1.4479916,-0.86201024,-4.121934319999999,-1.77217396,6.87457744
680,1778230192750,0.32540966499999996,-1.3499620166666666,-0.6539513733333333,-4.274196083333334,-1.6601259166666666,6.937001983333334
681,1778230192760,0.421608895,-1.21699145,-0.45199401,-4.709268,-1.38883855,7.1697627
682,1778230192770,0.49201941,-1.1036268,-0.29164842,-4.8649565,-1.34926396,7.3020686
683,1778230192780,0.712695968,-0.871235504,-0.03953727600000001,-4.9795785,-1.3795174,7.432883000000001
684,1778230192790,1.8969349500000001,0.26083618999999997,1.0091767095,-4.7425575,-1.8429075,7.510114
685,1778230192800,3.6579301,1.7786893,2.0774152,-4.51192772,-1.9018166,7.2176990000000005
686,1778230192810,4.5636263,2.9560213,2.4669306,-3.244263,-1.8253306000000002,4.7500143
687,1778230192820,4.7719292499999995,3.34724515,2.6845076,-3.1150995999999997,-1.40588275,4.04587445
688,1778230192830,4.83936228,4.2769078,3.3567633399999997,-2.61969836,0.4232295800000001,1.8371551
689,1778230192840,4.593340225,4.6080447,3.9666625,-1.659682,2.5124261,-0.406931
690,1778230192850,4.31127124,4.394348259999999,4.16893698,-0.5384912,3.2107072000000003,-1.6655409000000003
691,1778230192860,3.4074298,3.5975013799999997,3.77683452,1.7053817600000003,3.0611439999999996,-3.36101594
692,1778230192870,2.5763904,2.84961245,3.112584,2.91722665,2.7009781,-4.14600935
693,1778230192880,2.2450826,2.5421004,2.754186,3.5681033,2.378203,-4.507134
694,1778230192890,2.07717122,2.33777564,2.4517502799999997,3.5681032999999998,2.378203,-4.507134
695,1778230192900,1.4055257,1.5204766,1.2420074,4.724341320000001,1.3022857399999999,-5.0830158
696,1778230192910,1.1364769799999999,0.6692049520000001,0.20818084800000003,4.7276435,0.60933125,-5.6693373
697,1778230192920,0.9909212000000001,0.1876312052,-0.17015671,4.580104400000001,0.72437982,-5.67924424
698,1778230192930,0.906428594,-0.002001265599999999,-0.23546641999999998,3.9240081600000005,1.2433766800000001,-5.7167415
699,1778230192940,0.83809257,-0.1300825,-0.26162934,3.6602488,1.478587,-5.7082195
700,1778230192950,0.6835554939999999,-0.32513306599999997,-0.27046423799999997,3.3556896199999997,1.72274572,-5.6740246999999995
701,1778230192960,0.40586720000000004,-0.60306543,-0.31605414,3.1260184999999994,1.7811221999999998,-5.5883775
702,1778230192970,0.1727437248,-0.7426661720000001,-0.405671944,3.04133,1.6974989,-5.49783
703,1778230192980,-0.010982576,-0.81978834,-0.48103684,2.9683595,1.5765914,-5.331116
704,1778230192990,-0.312051594,-0.9328844199999999,-0.66886326,2.8692899,1.4205302,-5.096758
705,1778230193000,-0.750573638,-1.0425149,-0.9251234,2.37692458,0.828243134,-4.170403899999999
706,1778230193010,-0.8715284,-1.0526189,-0.98062205,2.2311964,0.67963874,-3.90739
707,1778230193020,-0.9943379999999999,-1.08229626,-1.07160657,1.8246915000000001,0.478516804,-3.33662142
708,1778230193030,-1.1079223,-1.11988108,-1.16932708,1.4897723,0.41119209999999995,-2.9390647
709,1778230193040,-1.5148634,-1.3188853,-1.4899695,0.43036684,0.77231675,-1.7875137
710,1778230193050,-1.63811225,-1.37404225,-1.5622104,-0.0535295375,1.029045475,-1.2484899175
711,1778230193060,-2.0791237,-1.518036,-1.7703912,-0.8751147400000001,1.4476944,-0.30839407
712,1778230193070,-2.18397066,-1.5526921999999999,-1.80045908,-1.5616777,1.659682,0.6125271
713,1778230193080,-2.4294678750000003,-1.6744157,-1.8223145,-2.1656826,1.6852484,1.5851135
714,1778230193090,-2.2619226,-1.7730759,-1.5487872,-2.943325775,0.4789695175,3.701660775
715,1778230193100,-2.0226855,-1.7798483999999999,-1.4711770499999999,-3.029612,-0.18216023,4.217382
716,1778230193110,-1.6588572,-1.7537954000000002,-1.3864892,-3.1068437,-1.2218584,4.808604
717,1778230193120,-1.39898496,-1.7131842,-1.3368967999999999,-3.2043154,-2.14491,5.3087454
718,1778230193130,-0.806487195,-1.67886985,-1.174952525,-3.58847645,-3.366235725,6.279733975
719,1778230193140,-0.30360723,-1.6119982,-0.9498709,-3.7230992,-3.5292210000000006,6.541789
720,1778230193150,-0.1115951775,-1.53475405,-0.8275981450000001,-3.85133045,-3.48527895,6.7806745
721,1778230193160,0.10411481999999998,-1.44472134,-0.6773076440000001,-4.0308540399999995,-3.26141352,7.08826964
722,1778230193170,0.6663982733333333,-1.0121053966666667,-0.115520425,-3.9439641333333335,-2.9751060333333332,7.300789883333334
723,1778230193180,1.1988091,-0.47054234,0.4527262,-3.4315364799999997,-3.109294,7.2145036000000005
724,1778230193190,1.7462295,0.15912533,0.7577977,-2.9257488,-3.5878108,6.903446
725,1778230193200,1.7462295,0.15912533,0.7577977,-2.9257488,-3.5878108000000006,6.903446
726,1778230193210,2.932347675,1.8120029825000001,1.0931323750000002,-1.5877767,-5.7316556,5.2677326
727,1778230193220,3.6035539200000004,2.8181289400000002,1.2989214800000002,-1.83204182,-4.85419706,4.607907920000001
728,1778230193230,5.452401583333333,5.062560866666667,1.6363226,-2.3513050166666667,-2.5023062966666667,2.002075666666667
729,1778230193240,5.742423,5.2508917,1.9934596,-2.9971216,-0.05752428,0.928378
730,1778230193250,5.3072200800000005,5.09737936,2.78542526,-3.21347674,1.5160843080000002,0.058163440000000025
731,1778230193260,4.6920004,4.7556996,3.3321134999999997,-3.042928,4.0634513,-1.9116170000000001
732,1778230193270,3.96641815,4.273198649999999,3.6917931,-2.254366,4.4006075749999995,-2.8204208
733,1778230193280,2.69312276,2.95670492,3.4594627599999996,0.69114356,3.41417262,-4.165397199999999
734,1778230193290,1.9346416999999998,1.9573392000000003,3.0158153,3.5569180000000005,1.9803266999999998,-5.199556
735,1778230193300,1.8362867,1.6835069,2.64484835,4.6035404,1.019724415,-5.6389775
736,1778230193310,1.6012596,0.63332856,0.9913605499999999,5.3774548,0.13954964,-6.033658
737,1778230193320,1.5600627999999999,0.63332856,0.9913605499999999,5.530852879999999,-0.16085492799999998,-6.28335592
738,1778230193330,1.4174845,0.041733786,-0.005857374,4.974785,0.31265512,-6.671219
739,1778230193340,1.36593958,-0.0843461856,-0.20808320760000001,4.3414855,0.9347695999999999,-6.755906999999999
740,1778230193350,1.2224339,-0.33826334,-0.4948016859999999,4.0758084199999995,1.1893677999999999,-6.7774254
741,1778230193360,0.7414459,-0.75291663,-0.6570021,3.070891,2.04610675,-6.789463
742,1778230193370,0.62136974,-0.8167620019999999,-0.6570021,2.4644892,2.5209484,-6.769222999999999
743,1778230193380,0.37930563666666667,-0.96776835,-0.66631695,2.1514790500000003,2.668309966666667,-6.56052005
744,1778230193390,0.15936938,-1.056768,-0.6672525,1.5851135,2.9087045,-6.0768013
745,1778230193400,-0.09493827,-1.6039442000000002,-0.81466305,1.4088123,2.9523804,-5.7385798
746,1778230193410,-0.54912883,-1.7469617,-0.9005712000000001,1.32657382,3.0853254399999996,-5.17867676
747,1778230193420,-0.814663165,-1.8232296,-1.01442395,1.29349735,3.03174265,-4.7867657999999995
748,1778230193430,-1.34756215,-1.97076225,-1.2570169,1.2343752000000001,2.8093687000000003,-4.2269693
749,1778230193440,-2.1024556,-2.12344444,-1.61185166,1.0335196039999999,2.36446092,-3.2330776
750,1778230193450,-2.8831093,-2.23385595,-2.0068218,0.3901531125,1.1542140625,-0.902278975
751,1778230193460,-3.0490072,-2.3510034,-2.2711968,-0.1736381,0.18429075,0.8607337000000002
752,1778230193470,-3.0293606,-2.36833155,-2.3252555,-0.2949450875,-0.015845802500000006,1.164067775
753,1778230193480,-3.009714,-2.3856597,-2.3793142,-0.96853844,-1.0518421039999999,2.7157853
754,1778230193490,-2.47649778,-2.30175272,-2.3378730400000003,-1.86751508,-2.0833377,4.22728886
755,1778230193500,-1.802484825,-2.1988948749999997,-1.994557775,-2.9039109,-3.0567763,5.7529607
756,1778230193510,-1.3398743,-2.1437988,-1.7203596,-3.4131074,-3.4328145999999995,6.4949174
757,1778230193520,-1.3398743,-2.1437988,-1.7203596,-3.4131074,-3.4328146,6.494917400000001
758,1778230193530,-0.952677475,-2.1545983499999997,-1.48868825,-4.0232376,-3.72203395,7.3684342
759,1778230193540,0.46175630399999995,-2.1172942,-0.53341152,-4.393044,-3.5048266,7.88476792
760,1778230193550,0.7831797,-1.9153614,-0.097134784,-4.4522726,-3.2272187200000007,8.186237600000002
761,1778230193560,1.0348027,-1.6229807,0.29140437,-4.0096555,-3.2250881,8.255799
762,1778230193570,1.16122438,-1.42177994,0.44106026200000004,-4.0096555,-3.2250881,8.255799
763,1778230193580,1.6999563799999997,-0.532874652,0.8197883000000001,-3.6316996799999997,-3.6207273399999997,8.168766999999999
764,1778230193590,2.999903,1.256894828,1.15024178,-3.01278098,-3.8969504400000003,7.788894599999999
765,1778230193600,4.282961,2.720262,1.2703179,-1.2964269,-5.229383,6.117281
766,1778230193610,4.828184,3.8541522,1.2688537,-1.2751216,-3.9681100000000002,4.760134
767,1778230193620,4.828184,3.8541522,1.2688537,-1.5161376500000001,-3.2490565,4.2770367
768,1778230193630,4.751160199999999,5.09840462,1.6911214600000002,-2.24184902,-1.10851412,3.0013826000000003
769,1778230193640,4.735687,5.01537635,1.60028335,-2.968892,1.0237192,1.8125474
770,1778230193650,4.6224444,4.83531082,3.4544837999999998,-2.02719832,3.18194496,-0.6119944400000001
771,1778230193660,4.270758,4.2256074,4.1065073,-0.23009712,3.7113813999999996,-2.676477
772,1778230193670,3.7182121,3.5241866,4.044517,1.7028252000000001,3.07169,-4.04694
773,1778230193680,3.3850740000000004,3.13692875,3.75341765,2.6048379,2.5041703749999997,-4.5268415
774,1778230193690,2.3856597,1.9751552,2.8801196,5.310876,0.8016115000000001,-5.966546
775,1778230193700,1.8459026399999998,1.35280928,1.7941624399999998,6.55297416,-0.68208882,-6.6184880800000006
776,1778230193710,1.3671599,0.583687312,0.14326160199999993,6.21219624,-1.09551796,-6.985684859999999
777,1778230193720,1.2878901,0.34753752,-0.47469133,5.7779946,-1.123854,-7.1218257
778,1778230193730,1.2572853,0.0893737656,-0.7587739960000001,3.9866458000000002,-0.05986786399999997,-7.197246420000001
779,1778230193740,1.1429201,-0.30287504,-0.90447617,2.70790228,0.8738364539999999,-7.228884720000001
780,1778230193750,0.943769374,-0.632157076,-0.8564456999999999,1.423726,1.9078887000000002,-7.212373000000001
781,1778230193760,0.75145227,-0.8676235,-0.8283303,0.7099988,2.4932516,-7.156979
782,1778230193770,0.5926523533333333,-1.0669369333333334,-0.7938368866666666,0.20612870000000003,2.9193572999999997,-6.9977219999999996
783,1778230193780,0.134353516,-1.6167573,-0.7077660299999999,-0.442351065,3.4767569,-6.730074500000001
784,1778230193790,-0.23771175920000004,-1.9170209200000001,-0.69507502,-0.6914631740000001,3.6943371,-6.458698440000001
785,1778230193800,-0.8242301160000001,-2.1798218,-0.7063993,-0.769120944,3.61518796,-5.67626148
786,1778230193810,-2.2814472,-2.5159862,-0.7814713,-0.63010395,3.1595743,-4.283428
787,1778230193820,-2.48430752,-2.53970852,-0.81075818,-0.5450958379999999,2.9567479800000003,-3.81918592
788,1778230193830,-2.85449348,-2.57387648,-0.8645972279999998,-0.29507825800000004,2.4068585000000002,-2.6119219599999997
789,1778230193840,-3.2772009999999994,-2.5037832,-0.9967298,0.25566345,1.293231,-0.53529537
790,1778230193850,-3.2623134,-2.4154346,-1.1624447,0.6844324,0.15339808,1.0647318
791,1778230193860,-2.7893302,-2.1621032,-1.487773,1.015197,-1.9020296,3.3284186999999994
792,1778230193870,-2.501586775,-2.039098325,-1.580758825,0.9512811525,-2.53160105,4.0187102249999995
793,1778230193880,-2.23981094,-1.9001809399999998,-1.6613465399999998,0.647041634,-3.1085483199999997,4.844290239999999
794,1778230193890,-1.71630812,-1.7533073,-1.7357352,0.22264027999999997,-3.6591835,5.7375145
795,1778230193900,-0.7121590400000001,-1.645006875,-1.621455375,-1.2004199,-3.4276215,6.809703125
796,1778230193910,-0.20793676,-1.58564,-1.5041249,-1.7480990000000003,-3.1531827,7.063768399999999
797,1778230193920,-0.20793676,-1.58564,-1.5041249,-2.0369987600000004,-2.96803982,7.170295040000001
798,1778230193930,0.127641947,-1.53463195,-1.2339533999999999,-2.795254,-2.48366415,7.437942850000001
799,1778230193940,0.269195151,-1.471604125,-0.9024626975,-3.482083125,-1.9825903,7.7279609250000005
800,1778230193950,0.68931528,-1.1588325940000002,-0.139015018,-3.25725904,-2.04914268,7.8758197999999995
801,1778230193960,1.1578076,-0.71874857,0.55693865,-2.5177526,-2.5321336,7.881359
802,1778230193970,1.3700397599999998,-0.501537626,0.685800886,-2.5177526,-2.5321336,7.881359000000001
803,1778230193980,2.50713915,1.2038734975,0.9850761100000001,-1.954494,-2.96463095,7.728759999999999
804,1778230193990,2.7800562,1.6637384000000002,1.0204034,1.23837,-5.0946274,6.084258
805,1778230194000,3.4397428,3.6720853,0.006589545399999999,2.137453,-5.462676,4.491688
806,1778230194010,3.7462788,4.3634996,-0.56987363,1.5643408,-4.6711845,3.8850195
807,1778230194020,4.06389492,4.7487682399999995,-0.8385806720000002,0.3435478,-3.4184337,3.2400019999999996
808,1778230194030,5.11598925,5.3874417,-0.70361705,-1.1728561,-1.4034859499999999,1.997104625
809,1778230194040,5.396106,5.5147176,-0.5989165,-2.68926,0.6114618,0.75420725
810,1778230194050,4.892371949999999,4.7741256750000005,0.598733375,-3.3438652,3.2879388,-2.6296053
811,1778230194060,3.6105828,3.9022315000000005,1.6998588000000001,-2.5949843,3.6597160999999994,-3.9196405
812,1778230194070,3.3344321,3.74292305,1.7980918,-1.9598203500000002,3.49273585,-4.31645155
813,1778230194080,1.6464102,2.0915706,1.6883880000000002,-0.23915192000000007,2.52595504,-4.9748915600000005
814,1778230194090,1.6782189833333334,1.9491225166666666,1.53239475,1.3891048,1.3262542,-5.367335
815,1778230194100,1.8372629,1.2368821,0.7524285000000001,2.755839,-0.46978164000000006,-6.36602
816,1778230194110,1.6744280200000001,0.6716455720000001,0.16063848079999998,2.7814054,-0.72011876,-6.7931914
817,1778230194120,1.6337192999999999,0.53033644,0.012690975999999998,2.7217506,-0.678999554,-6.84922432
818,1778230194130,1.6337192999999999,0.53033644,0.012690975999999998,1.6121711600000002,0.473190462,-7.37929984
819,1778230194140,1.0850785,-0.524479,-0.088104665,1.12342782,1.063560072,-7.51160596
820,1778230194150,0.9664056625,-0.66926595,-0.05814663875,1.055677,1.1494204,-7.525561
821,1778230194160,0.61038715,-1.1036268,0.03172744,0.882305275,1.3399695249999999,-7.54873
822,1778230194170,0.38272242333333334,-1.3166481166666666,0.035103565866666665,0.7536746166666667,1.4611877333333334,-7.487033333333334
823,1778230194180,-0.2511349,-1.8643533,0.0021965152,0.597613375,1.5816514000000002,-7.255516
824,1778230194190,-0.65334123,-2.047152,-0.08883683400000002,0.5110606133333334,1.66314415,-6.809170433333333
825,1778230194200,-0.9561674520000001,-2.15185272,-0.1384780836,0.45912898,1.7257284,-6.4203486
826,1778230194210,-2.2567973,-2.4539957,-0.40757560000000004,0.31052458,1.716141,-4.7638626
827,1778230194220,-2.3976996666666666,-2.4757981333333334,-0.44873991999999996,0.25193504,1.7148094,-4.06824495
828,1778230194230,-3.0092258,-2.5904236,-0.6257628,0.17076190000000002,1.7190172400000001,-2.41687202
829,1778230194240,-3.2120862199999998,-2.5973549,-0.69268328,0.209004888,1.70463618,-1.196611544
830,1778230194250,-3.3308933,-2.592132,-0.775858,0.3014698375,1.574460925,0.012650017499999985
831,1778230194260,-3.3740914,-2.388344,-1.0377314,0.4660532,0.63383234,3.0482543
832,1778230194270,-3.25303904,-2.3398256,-1.13213276,0.4660532,0.63383234,3.0482543
833,1778230194280,-2.9843320400000004,-2.25645584,-1.31239346,0.221042378,-0.038349516,4.69312888
834,1778230194290,-2.2977014000000002,-2.17879664,-1.56806774,-0.6823018839999999,-0.35217642600000004,6.1624482800000004
835,1778230194300,-0.8827550399999999,-2.1250064,-1.6825306000000002,-2.5294704,-0.6263755,8.330901
836,1778230194310,-0.42880859200000004,-2.12988768,-1.5753406799999998,-3.4764904999999997,-0.64182186,8.764463
837,1778230194320,-0.31532198,-2.131108,-1.5485432,-3.8072551000000003,-0.6414667566666666,8.821632333333334
838,1778230194330,-0.18224976,-2.11762375,-1.4807563,-4.4687843,-0.64075655,8.935971
839,1778230194340,0.69873588,-1.8847563999999999,-0.768829138,-5.210741,-0.9209211500000001,8.695221
840,1778230194350,1.2289258,-1.4034755840000002,0.003953702000000003,-5.210741,-0.9209211500000001,8.695221
841,1778230194360,1.7276812,-0.11006982,1.1883147,-4.394216,-1.6069515,8.243016
842,1778230194370,2.0483723,0.97696114,1.5246257,-2.3206787,-2.2019017,7.971374
843,1778230194380,2.5857866,2.0964518,1.5238935,-1.4034859,-2.3089607,7.715178
844,1778230194390,3.186167225,2.865964325,1.413152475,-1.003212775,-2.259825275,7.2693648
845,1778230194400,3.3862940999999998,3.1224685,1.3762388,-0.97407782,-1.663943046,5.23364426
846,1778230194410,4.81666506,4.46341658,1.0892275200000001,-1.3496901,-0.71479243,2.6716833
847,1778230194420,5.1742578,4.7986536,1.0174747,-1.3496901,-0.71479243,2.6716833
848,1778230194430,4.58051556,4.586812,1.84297398,-1.3496901,-0.71479243,2.6716833
849,1778230194440,4.43208,4.5338516,2.0493488,-1.0949853299999999,1.116290646,-0.5734318999999999
850,1778230194450,3.1873877,3.4133847000000004,2.1894376,0.26365295,2.420281,-3.8072553
851,1778230194460,3.1873877,3.4133847000000004,2.1894376,0.26365295,2.420281,-3.8072553
852,1778230194470,3.1873877,3.4133847000000004,2.1894376,0.6369216200000001,2.1887990000000004,-4.0659015
853,1778230194480,2.63933272,2.7810323400000003,1.7970911520000001,2.43189218,0.85956188,-5.40749538
854,1778230194490,1.6634942599999998,1.037438554,0.636647728,2.9028455600000003,0.261096322,-6.239679959999999
855,1778230194500,1.5683119,0.55693865,0.37316352,2.8250812999999995,0.40213734000000007,-6.5806713
856,1778230194510,1.47049378,0.340362242,0.283399272,2.7189809400000002,0.57343186,-6.712124779999999
857,1778230194520,1.3036562200000001,0.037438382000000006,0.189486044,2.5598304,0.83037364,-6.909305000000001
858,1778230194530,1.151218,-0.200371,0.13838045,2.5598304,0.83037364,-6.909305
859,1778230194540,0.626495,-0.7641432,0.05027579,2.12136768,1.6881245679999999,-7.06312932
860,1778230194550,0.26455808,-1.244448,-0.09396204,1.8638932000000001,2.0896227,-6.99079788
861,1778230194560,0.26455808,-1.244448,-0.09396204,1.8269285,2.1363878,-6.963101
862,1778230194570,-0.29156703999999994,-1.6525116000000002,-0.40879588,1.5556412333333334,1.714188,-6.725902133333332
863,1778230194580,-0.8384586999999999,-1.9489191000000001,-0.6842145,1.0439591,1.274589,-6.2344604
864,1778230194590,-1.36305976,-2.10514024,-0.8961293999999999,0.8328237,1.23538724,-5.98071436
865,1778230194600,-1.8771906999999999,-2.22057942,-1.0581345599999998,0.076379456,1.17786292,-4.84333146
866,1778230194610,-3.129240925,-2.385293525,-1.11247395,-0.6295713125,1.1849736,-2.3623571
867,1778230194620,-3.372627,-2.4139702,-1.1024066,-0.82824314,1.1872373,-1.5984293
868,1778230194630,-3.35837396,-2.4779132,-1.0355349200000001,-0.805766062,1.00081598,0.7678425896000001
869,1778230194640,-3.2240939400000004,-2.440182,-1.1046519,-0.684538954,0.7129814999999999,2.41836326
870,1778230194650,-2.6480212,-2.2272666,-1.4987555,-0.721184,0.3270362,3.939348
871,1778230194660,-2.2881831200000002,-2.1226147600000003,-1.60184534,-1.496164,-0.69508505,6.035256
872,1778230194670,-1.705472025,-1.994863025,-1.606750925,-1.9463714500000002,-1.0781807375,6.57454575
873,1778230194680,-0.9969737999999999,-1.9192661999999998,-1.4733735,-2.58220108,-1.65073378,7.185102120000001
874,1778230194690,-0.8554206175,-1.897362025,-1.403146075,-2.825614,-1.8478343499999998,7.364572625
875,1778230194700,0.23912728200000002,-1.5442477399999999,-0.596964056,-3.5611792,-2.3728766,7.7503314
876,1778230194710,0.66896087,-1.2329772,-0.11226633,-3.4008567,-2.2935145,7.7316895
877,1778230194720,0.66896087,-1.2329772,-0.11226633,-3.4008567,-2.2935145,7.7316895
878,1778230194730,0.8655490699999999,-0.217332975,0.545711995,-2.6122947,-2.3244071,7.86751075
879,1778230194740,1.236442836,0.78937876,0.8752868960000001,-1.8237327,-2.3552997,8.003332
880,1778230194750,2.6058969,2.47439884,1.09586592,-1.2097143,-2.42645946,8.0970752
881,1778230194760,3.8168113,3.1368678,1.125348,-0.95927066,-1.9286613,7.24007
882,1778230194770,4.012984439999999,3.24542444,1.11831912,-0.9592706599999999,-1.9286613,7.24007
883,1778230194780,4.920486800000001,4.1440432000000005,1.2920878,-1.361407992,-0.751331032,4.0956223000000005
884,1778230194790,5.1047015,4.8406315,1.5949141,-1.5877767,-0.17736652,2.4948494
885,1778230194800,4.8342857,4.745693,2.361986,-1.2144015,1.0333065,-0.8431568
886,1778230194810,4.711085939999999,4.40772284,2.5052963999999998,-0.7554855399999999,1.48412642,-2.0571321599999997
887,1778230194820,4.599828466666666,4.22719375,2.5402698,-0.51256973,1.6626115,-2.59480665
888,1778230194830,2.801289,2.5562556,2.002734,1.058340208,1.9899140199999998,-4.85994958
889,1778230194840,2.801289,2.5562556,2.002734,1.6783241,1.9888486999999997,-5.5894427
890,1778230194850,2.45472775,1.98955465,1.63677005,2.285125325,1.637710925,-6.270945425
891,1778230194860,1.9957049000000002,0.9897985800000001,1.0984041,2.6488864800000003,1.5002119600000001,-6.80363108
892,1778230194870,1.9675895,0.8815348,1.0553036,2.68926,1.4950987,-6.8800106
893,1778230194880,1.65700226,0.10821497999999999,0.851759814,2.793656,1.54580526,-7.16891012
894,1778230194890,1.0897156,-1.0340706,0.5449798,3.19824352,2.148745,-7.842583379999999
895,1778230194900,1.0897156,-1.0340706,0.5449798,3.103648,2.02347,-7.798268300000001
896,1778230194910,0.432347425,-1.6717922,0.14838681650000002,3.4706316,2.6221485,-7.573498
897,1778230194920,0.20891301499999995,-1.807488,-0.014765454999999983,3.4706315999999995,2.5033715,-7.817975999999999
898,1778230194930,-1.3166889,-2.4874313,-0.9876996,3.141731225,2.84492195,-7.04499325
899,1778230194940,-1.3166889,-2.5674822,-1.2710502,2.4991105,3.2858083000000002,-5.960687
900,1778230194950,-2.3969837800000002,-2.63738028,-1.46824844,1.71124082,3.4656248599999997,-4.34489412
901,1778230194960,-3.116123,-2.6807246,-1.6930252,1.1595404,3.293265,-2.7265444
902,1778230194970,-3.116123,-2.6807246,-1.6930252,0.9138194000000001,2.3860148,-0.879730904
903,1778230194980,-3.5402333,-2.616110525,-1.9148731749999999,0.70027823,1.0571418000000001,1.1542140109999999
904,1778230194990,-3.3633529199999996,-2.37453066,-2.1176846599999997,0.5284776919999999,-0.15531555800000002,2.5253159199999997
905,1778230195000,-2.8284770200000002,-2.19592964,-2.12959476,0.267594426,-1.449505372,3.8426218800000003
906,1778230195010,-1.5295068,-1.8323816999999998,-1.8382391999999999,-0.11440941,-2.54694076,4.97904604
907,1778230195020,-1.1839217400000002,-1.75316076,-1.76663274,-0.18216023,-2.7079022,5.1548147
908,1778230195030,-0.9535316999999999,-1.7003467999999997,-1.7188951,-1.3698235799999998,-3.29795224,6.46690098
909,1778230195040,-0.1982354945,-1.512666825,-1.52859155,-2.4126908250000003,-2.79006085,6.827546249999999
910,1778230195050,0.1150974028,-1.41065084,-1.3867332399999999,-2.9411952,-2.4165523,6.941795999999999
911,1778230195060,0.46883395,-1.2644606,-1.0177187,-4.410195,-1.3124058,7.21184
912,1778230195070,0.46883394999999994,-1.2644606,-1.0177187,-4.410195,-1.3124058,7.21184
913,1778230195080,0.5828696875,-1.18318955,-0.770610725,-4.831640025,-0.99003015,7.282547
914,1778230195090,0.79782313,-0.5852493,0.16449459,-5.199556,-0.65194184,7.553790000000001
915,1778230195100,1.6585153599999998,0.8978866240000001,1.16254226,-4.6503056,-1.320927888,7.78260896
916,1778230195110,2.3522236,1.5783182,1.6324989000000003,-3.8823564,-2.0048277,7.591606999999999
917,1778230195120,2.3522236,1.5783182,1.6324989000000003,-3.5938828000000003,-2.13415082,7.28395876
918,1778230195130,2.81544432,1.88387788,1.8335045,-2.9150962799999998,-2.29809506,6.30817664
919,1778230195140,4.5619667999999995,3.22243432,2.34002096,-2.38299666,-1.9884226400000002,4.594272559999999
920,1778230195150,5.427101,4.468444,2.6575394,-2.38219765,-0.694818725,2.2985743999999997
921,1778230195160,4.854787,4.2832046,2.7849374,-2.54757992,1.68705939,-0.5393433599999999
922,1778230195170,4.854787,4.2832046,2.7849374,-2.5052356500000004,2.322809175,-1.12771555
923,1778230195180,4.35661702,4.04217386,2.90618498,-2.3350596,3.2815470000000007,-2.0149477
924,1778230195190,2.29255165,2.5036612500000004,3.1905605,0.6183859999999999,3.6653086999999998,-3.9968721499999997
925,1778230195200,1.9679799,2.0056625400000003,2.90935762,1.7918813399999998,3.0094786,-4.4016727
926,1778230195210,1.7254846999999998,1.2866699,2.1623473,3.4386737,1.7699369,-5.0189934
927,1778230195220,1.7254847,1.2866699,2.1623473,3.4386737000000003,1.7699369,-5.0189934
928,1778230195230,1.6347361833333334,0.7016239,1.4537677,4.1891524,1.66394305,-5.731921750000001
929,1778230195240,1.39888736,-0.006980040000000009,0.6705228759999999,4.32305628,2.13905098,-6.195045299999999
930,1778230195250,1.0160104,-0.5464442,0.16620298,4.246677,2.5321336,-6.399576
931,1778230195260,0.7214332,-0.8358961,-0.07516963,4.153359399999999,2.65186928,-6.409802400000001
932,1778230195270,0.7214332,-0.8358961,-0.07516963,4.087685824999999,2.6872627,-6.3901217500000005
933,1778230195280,0.25855425,-1.1681067600000001,-0.443842524,3.8039528799999998,2.6294987799999996,-6.2219968
934,1778230195290,-0.5628936299999999,-1.54083104,-1.0706792,3.04804116,2.3038473799999997,-5.7499780000000005
935,1778230195300,-1.1485333,-1.7254846999999998,-1.4431105,1.7683390000000003,2.167813,-5.026983
936,1778230195310,-1.40027845,-1.79113605,-1.50583325,1.20867565,2.207361175,-4.53762705
937,1778230195320,-1.6520236000000001,-1.8567874,-1.568556,1.0221212,2.2205439,-4.3745084
938,1778230195330,-2.5417341,-1.9797924,-1.5573293,0.29214879,2.037052,-2.41095975
939,1778230195340,-2.9284427,-2.0212822,-1.5544006,0.12357068,1.7997643,-1.3230585
940,1778230195350,-2.9284427,-2.0212822,-1.5544006,0.27185549600000003,0.7489874392000001,0.19302588000000007
941,1778230195360,-3.11392646,-1.91545884,-1.7072781199999998,0.5232579279999999,-0.8587096936000002,2.24813408
942,1778230195370,-2.84595164,-1.8153953999999999,-1.7620933399999998,0.641289228,-1.94069878,3.48863464
943,1778230195380,-2.03470526,-1.62576294,-1.80807374,0.76113147,-3.2234901999999996,4.957741
944,1778230195390,-1.8082201,-1.5729489,-1.8221315,0.6616623675,-3.6437371,5.5305865
945,1778230195400,-1.1451979333333333,-1.3850249000000001,-1.8501979166666667,0.628506,-3.7838194,5.721535
946,1778230195410,-0.85893506,-1.2986286200000001,-1.84917288,-0.57332534,-3.65375056,6.8696772
947,1778230195420,-0.6284474,-1.2254114,-1.8392154,-1.6426378,-3.422162,7.8003990000000005
948,1778230195430,-0.6284474,-1.2254114,-1.8392154,-1.6426378,-3.422162,7.8003990000000005
949,1778230195440,0.19788162800000003,-1.27192868,-1.3939574000000001,-4.1301369999999995,-2.31247606,8.6358859
950,1778230195450,0.69287854,-1.292283,-1.1163179,-5.479188,-1.7598169,9.0291815
951,1778230195460,1.52267318,-0.8746198000000001,-0.44743830666666673,-6.201792,-1.8411321,8.782039833333334
952,1778230195470,1.9375705,-0.6657882,-0.11299851,-6.63872785,-1.76860535,8.315187850000001
953,1778230195480,2.7800562,-0.16034561,0.6452874,-6.7143617,-1.655421,7.9719067
954,1778230195490,3.5267247600000005,0.555279036,1.6669598,-5.63674022,-0.5878129000000001,6.11163544
955,1778230195500,4.5174994,1.8904674,3.410212,-4.4261737,0.32490566,4.75321
956,1778230195510,4.60536,2.7634604,3.6740380000000004,-2.6493127,0.66525763,2.5816684
957,1778230195520,4.6759414800000005,2.96290388,3.7355404,-2.1993449800000002,0.492045652,1.8153171399999999
958,1778230195530,4.765218,3.2769566,3.9515307,-1.0753845,0.12836437,-0.06551377
959,1778230195540,4.5809546,3.2020311,3.9974136000000002,-0.13741912,0.17789917,-1.3805827
960,1778230195550,3.5534735,2.6419196,3.3792167,1.7853832,1.015197,-3.3864758
961,1778230195560,2.9770103,2.3085375,2.8708453,2.6013758,1.2863069,-4.0021987
962,1778230195570,2.55670315,1.8748071166666669,2.243577666666667,3.428198566666667,1.05079459,-4.6612423666666665
963,1778230195580,2.34490212,1.50095204,1.7673161,3.93348898,0.719266542,-5.201154
964,1778230195590,2.2404454,1.2100358,1.4553133,4.1784997,0.43675843,-5.635782
965,1778230195600,1.9814193333333332,0.7318463333333334,1.0347213266666666,4.268159566666666,0.29516702833333336,-6.344448849999999
966,1778230195610,1.6171232,0.15302388,0.601113,4.248275,0.30466563,-6.960438
967,1778230195620,1.23170808,-0.25679705199999997,0.4087959,4.15506416,0.555641928,-7.156979199999999
968,1778230195630,0.9461692283333334,-0.5421731916666667,0.26215814916666663,4.04836,0.870054725,-7.339050666666666
969,1778230195640,0.72631437,-0.758774,0.106164895,3.81098365,1.24369625,-7.25764665
970,1778230195650,0.16018289966666668,-1.2843919333333333,-0.2893705466666667,3.588165866666667,1.4047287333333334,-7.070870200000001
971,1778230195660,0.009030119,-1.4135796,-0.38341394,3.439739,1.4189321999999998,-6.896522
972,1778230195670,-0.3673061562,-1.57016676,-0.5930103000000001,3.13954748,1.32540208,-6.5647988
973,1778230195680,-0.99184865,-1.7337827999999997,-0.89105296,2.6178875,1.0615361,-5.976134
974,1778230195690,-1.15195022,-1.7418854799999999,-0.9450384279999999,2.45426286,1.0024139140000001,-5.75509152
975,1778230195700,-2.00585774,-1.80504748,-1.1806025,1.6493489799999999,0.7292800620000001,-4.54218112
976,1778230195710,-2.3261096,-1.8511744,-1.2100358,1.423726,0.6743124,-4.0490704
977,1778230195720,-2.901922116666667,-1.7740520999999998,-1.2153237666666667,1.01910301,0.3022687966666667,-2.349440793333333
978,1778230195730,-3.3177145,-1.7091328,-1.1585398,0.71479243,-0.21092236,-0.48735848
979,1778230195740,-3.2254607333333336,-1.6756156333333332,-1.1342154,0.68620783,-0.5393789066666667,0.3671611800000001
980,1778230195750,-3.0409532,-1.6085813000000002,-1.0855666,0.616681574,-1.3005814,2.3396404
981,1778230195760,-2.7133586857142857,-1.5508443285714286,-1.0843114857142857,0.56725335,-1.717739,3.3934
982,1778230195770,-1.9215602999999999,-1.39752062,-1.09679324,0.25513084080000004,-2.1051756,4.785487399999999
983,1778230195780,-1.4185014166666665,-1.2989133166666667,-1.1017557,-0.039414786,-2.2503712,5.601693
984,1778230195790,-1.138039,-1.2527459,-1.0924002,-0.40266997,-2.1704764,6.1327276
985,1778230195800,-0.7724005500000001,-1.2042598,-1.0431006833333334,-0.90343305,-1.9327448666666667,6.6340233333333325
986,1778230195810,-0.5256993,-1.1692783,-0.9894081,-1.2793826,-1.7028252,6.930078
987,1778230195820,-0.5256993,-1.1692783,-0.9894081,-1.74756632,-1.31901048,7.245183
988,1778230195830,0.077219716,-0.89749614,-0.55225274,-2.20584304,-0.9054748,7.6060946000000005
989,1778230195840,0.592571,-0.55962324,-0.19256116,-2.221609,-0.84368944,7.7103844
990,1778230195850,1.1262021583333333,0.09034186666666666,0.170311285,-1.8741552433333333,-1.2636699733333332,7.624008916666667
991,1778230195860,1.9236592,1.1973449,0.64235866,-0.9954896600000002,-2.2770028,7.4158387
992,1778230195870,2.56372378,1.7022506,0.705911164,-0.74909396,-2.46140002,7.165607920000001
993,1778230195880,4.239518,2.8496125000000005,0.8171035999999999,-0.3680488800000001,-2.4522388,5.9628176999999996
994,1778230195890,5.273589,3.3848302000000006,0.80368054,-0.37103161599999995,-1.9421901599999998,4.73563314
995,1778230195900,5.8039255,3.8146148,0.73778504,-0.74920046,-0.60080919,2.1152955199999997
996,1778230195910,5.1447268,4.36472,0.99136055,-1.3044163,0.75420725,-0.2806972
997,1778230195920,4.75116004,4.1781137,1.19065774,-1.33200666,1.4126471999999999,-1.17754336
998,1778230195930,4.15361,3.7450585,1.4113832,-1.2452941,2.3249397,-2.481001
999,1778230195940,3.6638688333333334,3.3145008333333332,1.4504322,-0.9337043083333333,2.6649366166666666,-3.2706281666666666
1000,1778230195950,2.4293458,2.2197006,1.2515256,-0.87138635,2.732936,-3.4285536
